cycle,branch,expression,forecastdate,chamber_Dparty,chamber_Rparty,mean_seats_Dparty,mean_seats_Rparty,median_seats_Dparty,median_seats_Rparty,p90_seats_Dparty,p90_seats_Rparty,p10_seats_Dparty,p10_seats_Rparty,total_national_turnout,p90_total_national_turnout,p10_total_national_turnout,popvote_margin,p90_popvote_margin,p10_popvote_margin,statesmajority_Dparty,statesmajority_Rparty,statesmajority_noparty,delegations_Dparty,delegations_Rparty,delegations_nomajority,simulations,timestamp
2022,House,_lite,11/8/22,.2524,.7476,206.2447,228.7553,206,229,227,250,185,208,1.03e+08,1.10e+08,9.52e+07,-2.397484,2.128729,-6.927999,,,,,,,40000,00:12:39  8 Nov 2022
2022,House,_lite,11/7/22,.25305,.74695,206.1937,228.8063,206,229,228,250,185,207,1.03e+08,1.10e+08,9.53e+07,-2.401024,2.154011,-7.016928,,,,,,,40000,23:04:54  7 Nov 2022
2022,House,_lite,11/6/22,.2591,.7409,206.4444,228.5556,207,228,228,250,185,207,1.02e+08,1.10e+08,9.48e+07,-2.416054,2.19244,-7.035103,,,,,,,40000,20:35:27  6 Nov 2022
2022,House,_lite,11/5/22,.2428,.7572,205.5752,229.4248,206,229,227,251,184,208,1.02e+08,1.09e+08,9.48e+07,-2.522697,2.094782,-7.169331,,,,,,,40000,20:36:24  5 Nov 2022
2022,House,_lite,11/4/22,.2421,.7579,205.5528,229.4471,206,229,227,251,184,208,1.02e+08,1.10e+08,9.48e+07,-2.525051,2.055893,-7.188732,,,,,,,40000,21:58:23  4 Nov 2022
2022,House,_lite,11/3/22,.228825,.771175,204.8064,230.1936,205,230,226,252,183,209,1.02e+08,1.09e+08,9.48e+07,-2.687836,1.903809,-7.342091,,,,,,,40000,20:34:15  3 Nov 2022
2022,House,_lite,11/2/22,.23275,.76725,205.0487,229.9512,205,230,227,252,183,208,1.02e+08,1.09e+08,9.47e+07,-2.585758,2.033287,-7.303619,,,,,,,40000,20:55:27  2 Nov 2022
2022,House,_lite,11/1/22,.246825,.753175,205.8785,229.1215,206,229,228,251,184,207,1.02e+08,1.09e+08,9.42e+07,-2.466675,2.295326,-7.096813,,,,,,,40000,21:17:26  1 Nov 2022
2022,House,_lite,10/31/22,.27265,.72735,207.1241,227.8758,207,228,229,250,185,206,1.01e+08,1.09e+08,9.37e+07,-2.192543,2.481699,-6.894152,,,,,,,40000,22:22:24 31 Oct 2022
2022,House,_lite,10/30/22,.284625,.715375,207.532,227.468,208,227,229,250,185,206,1.01e+08,1.08e+08,9.38e+07,-2.105026,2.596092,-6.782034,,,,,,,40000,20:11:38 30 Oct 2022
2022,House,_lite,10/29/22,.28675,.71325,207.7834,227.2165,208,227,230,249,186,205,1.01e+08,1.08e+08,9.39e+07,-2.062298,2.736177,-6.790812,,,,,,,40000,20:35:44 29 Oct 2022
2022,House,_lite,10/28/22,.280425,.719575,207.4503,227.5497,208,227,230,250,185,205,1.01e+08,1.08e+08,9.38e+07,-2.00259,2.779951,-6.73517,,,,,,,40000,21:04:47 28 Oct 2022
2022,House,_lite,10/27/22,.2739,.7261,207.2017,227.7982,207,228,229,250,185,206,1.01e+08,1.09e+08,9.38e+07,-2.059128,2.660984,-6.832813,,,,,,,40000,20:44:28 27 Oct 2022
2022,House,_lite,10/26/22,.289,.711,207.3982,227.6018,208,227,230,251,184,205,1.01e+08,1.09e+08,9.38e+07,-1.803757,2.948372,-6.57477,,,,,,,40000,20:33:17 26 Oct 2022
2022,House,_lite,10/25/22,.27035,.72965,206.5761,228.4238,207,228,229,251,184,206,1.04e+08,1.11e+08,9.67e+07,-1.959816,2.792831,-6.714657,,,,,,,40000,20:11:20 25 Oct 2022
2022,House,_lite,10/24/22,.27705,.72295,206.8857,228.1143,207,228,230,251,184,205,1.04e+08,1.12e+08,9.67e+07,-1.87571,2.903624,-6.640179,,,,,,,40000,21:34:23 24 Oct 2022
2022,House,_lite,10/23/22,.274725,.725275,206.8031,228.1969,207,228,230,251,184,205,1.04e+08,1.12e+08,9.67e+07,-1.82642,2.9119,-6.622215,,,,,,,40000,20:59:20 23 Oct 2022
2022,House,_lite,10/22/22,.270425,.729575,206.558,228.442,207,228,230,252,183,205,1.04e+08,1.12e+08,9.66e+07,-1.90667,2.844606,-6.732349,,,,,,,40000,20:43:30 22 Oct 2022
2022,House,_lite,10/21/22,.274875,.725125,206.6355,228.3645,207,228,230,252,183,205,1.04e+08,1.12e+08,9.67e+07,-1.893841,2.963955,-6.705368,,,,,,,40000,20:11:14 21 Oct 2022
2022,House,_lite,10/20/22,.300625,.699375,207.9343,227.0656,208,227,231,251,184,204,1.04e+08,1.12e+08,9.67e+07,-1.47398,3.343098,-6.270395,,,,,,,40000,18:39:19 20 Oct 2022
2022,House,_lite,10/19/22,.32855,.67145,209.2534,225.7466,209,226,233,250,185,202,1.04e+08,1.12e+08,9.67e+07,-1.238548,3.545923,-6.036518,,,,,,,40000,20:35:13 19 Oct 2022
2022,House,_lite,10/18/22,.331575,.668425,209.8284,225.1715,210,225,232,248,187,203,1.04e+08,1.12e+08,9.68e+07,-1.048977,3.769955,-5.837246,,,,,,,40000,20:30:55 18 Oct 2022
2022,House,_lite,10/17/22,.345875,.654125,210.6275,224.3725,211,224,234,247,188,201,1.04e+08,1.12e+08,9.69e+07,-.7317047,4.143496,-5.578222,,,,,,,40000,21:23:07 17 Oct 2022
2022,House,_lite,10/16/22,.35945,.64055,211.2454,223.7545,211,224,233,246,189,202,1.04e+08,1.12e+08,9.68e+07,-.6021156,4.250368,-5.496868,,,,,,,40000,20:11:18 16 Oct 2022
2022,House,_lite,10/15/22,.35785,.64215,211.3211,223.6789,211,224,234,246,189,201,1.04e+08,1.12e+08,9.70e+07,-.6313972,4.223253,-5.536474,,,,,,,40000,20:11:18 15 Oct 2022
2022,House,_lite,10/14/22,.3624,.6376,211.5318,223.4682,211,224,234,246,189,201,1.04e+08,1.12e+08,9.69e+07,-.618309,4.294565,-5.579868,,,,,,,40000,20:11:32 14 Oct 2022
2022,House,_lite,10/13/22,.37625,.62375,212.1646,222.8354,212,223,234,245,190,201,1.04e+08,1.12e+08,9.68e+07,-.4021454,4.551977,-5.3367,,,,,,,40000,20:11:05 13 Oct 2022
2022,House,_lite,10/12/22,.35675,.64325,211.36,223.64,211,224,233,246,189,202,1.04e+08,1.12e+08,9.69e+07,-.5601616,4.312681,-5.557367,,,,,,,40000,20:11:05 12 Oct 2022
2022,House,_lite,10/11/22,.365,.635,211.7305,223.2695,212,223,234,245,190,201,1.03e+08,1.11e+08,9.61e+07,-.4665184,4.472712,-5.443775,,,,,,,40000,20:29:24 11 Oct 2022
2022,House,_lite,10/10/22,.37765,.62235,212.2149,222.7851,212,223,234,245,190,201,1.03e+08,1.11e+08,9.60e+07,-.4368324,4.520164,-5.361671,,,,,,,40000,20:58:09 10 Oct 2022
2022,House,_lite,10/9/22,.38635,.61365,212.5654,222.4346,212,223,235,245,190,200,1.03e+08,1.11e+08,9.60e+07,-.3979645,4.54372,-5.357862,,,,,,,40000,20:11:06  9 Oct 2022
2022,House,_lite,10/8/22,.38695,.61305,212.4908,222.5092,212,223,235,245,190,200,1.03e+08,1.11e+08,9.60e+07,-.40905,4.642815,-5.390394,,,,,,,40000,20:28:34  8 Oct 2022
2022,House,_lite,10/7/22,.37185,.62815,211.9345,223.0655,212,223,234,246,189,201,1.03e+08,1.11e+08,9.60e+07,-.475853,4.536438,-5.510275,,,,,,,40000,21:19:06  7 Oct 2022
2022,House,_lite,10/6/22,.39005,.60995,212.7895,222.2104,213,222,235,244,191,200,1.03e+08,1.11e+08,9.60e+07,-.3272324,4.731844,-5.300863,,,,,,,40000,20:11:29  6 Oct 2022
2022,House,_lite,10/5/22,.3886,.6114,212.6752,222.3248,213,222,235,245,190,200,1.03e+08,1.11e+08,9.61e+07,-.2394066,4.781734,-5.307333,,,,,,,40000,22:37:54  5 Oct 2022
2022,House,_lite,10/4/22,.39265,.60735,212.577,222.423,212,223,236,245,190,199,1.01e+08,1.08e+08,9.38e+07,-.443512,4.597898,-5.553555,,,,,,,40000,20:44:12  4 Oct 2022
2022,House,_lite,10/3/22,.386975,.613025,212.5797,222.4203,213,222,235,245,190,200,1.01e+08,1.08e+08,9.37e+07,-.5447083,4.482529,-5.704895,,,,,,,40000,20:57:49  3 Oct 2022
2022,House,_lite,10/2/22,.39915,.60085,213.1365,221.8635,213,222,236,244,191,199,1.01e+08,1.08e+08,9.36e+07,-.5086975,4.554684,-5.57593,,,,,,,40000,20:11:21  2 Oct 2022
2022,House,_lite,10/1/22,.40075,.59925,213.1913,221.8087,213,222,236,244,191,199,1.01e+08,1.08e+08,9.36e+07,-.4860382,4.628832,-5.560617,,,,,,,40000,20:11:17  1 Oct 2022
2022,House,_lite,9/30/22,.39925,.60075,213.0003,221.9997,213,222,235,244,191,200,1.01e+08,1.08e+08,9.37e+07,-.5099144,4.582331,-5.606245,,,,,,,40000,20:31:09 30 Sep 2022
2022,House,_lite,9/29/22,.3968,.6032,212.9616,222.0383,213,222,236,245,190,199,1.01e+08,1.08e+08,9.38e+07,-.5390472,4.616056,-5.667452,,,,,,,40000,20:11:11 29 Sep 2022
2022,House,_lite,9/28/22,.3926,.6074,212.845,222.155,213,222,235,245,190,200,1.01e+08,1.08e+08,9.37e+07,-.4781265,4.616825,-5.662193,,,,,,,40000,20:52:34 28 Sep 2022
2022,House,_lite,9/27/22,.382825,.61715,212.2817,222.7183,212,223,236,246,189,199,9.87e+07,1.06e+08,9.11e+07,-.6741676,4.486732,-5.900364,,,,,,,40000,20:34:09 27 Sep 2022
2022,House,_lite,9/26/22,.38425,.61575,212.1548,222.8452,212,223,235,246,189,200,9.87e+07,1.06e+08,9.13e+07,-.6687126,4.529829,-5.870058,,,,,,,40000,20:56:59 26 Sep 2022
2022,House,_lite,9/25/22,.3835,.6165,212.1002,222.8997,212,223,235,246,189,200,9.87e+07,1.06e+08,9.13e+07,-.6382179,4.529745,-5.830595,,,,,,,40000,20:29:37 25 Sep 2022
2022,House,_lite,9/24/22,.406975,.593025,213.1987,221.8012,213,222,237,245,190,198,9.87e+07,1.06e+08,9.13e+07,-.3871727,4.814968,-5.566301,,,,,,,40000,20:11:09 24 Sep 2022
2022,House,_lite,9/23/22,.404325,.595675,213.1613,221.8386,213,222,237,245,190,198,9.87e+07,1.06e+08,9.14e+07,-.3466187,4.789404,-5.548256,,,,,,,40000,19:34:04 23 Sep 2022
2022,House,_lite,9/22/22,.40225,.59775,212.9567,222.0433,213,222,236,246,189,199,9.87e+07,1.06e+08,9.13e+07,-.4960098,4.724688,-5.731478,,,,,,,40000,21:10:49 22 Sep 2022
2022,House,_lite,9/21/22,.37575,.62425,211.8401,223.1599,212,223,235,247,188,200,9.87e+07,1.06e+08,9.14e+07,-.7545776,4.496706,-6.024534,,,,,,,40000,21:10:54 21 Sep 2022
2022,House,_lite,9/20/22,.42335,.57665,213.3782,221.6218,213,222,243,251,184,192,9.85e+07,1.06e+08,9.11e+07,-.7055206,4.563318,-5.887644,,,,,,,40000,20:13:53 20 Sep 2022
2022,House,_lite,9/19/22,.413875,.586125,212.896,222.104,213,222,243,252,183,192,9.85e+07,1.06e+08,9.11e+07,-.7025299,4.535385,-5.981171,,,,,,,40000,21:41:21 19 Sep 2022
2022,House,_lite,9/18/22,.40995,.59005,212.4355,222.5643,212,223,242,252,183,193,9.85e+07,1.06e+08,9.11e+07,-.7972145,4.437389,-6.098843,,,,,,,40000,20:13:36 18 Sep 2022
2022,House,_lite,9/17/22,.416575,.583425,212.8572,222.1428,213,222,243,252,183,192,9.85e+07,1.06e+08,9.11e+07,-.8018799,4.515202,-6.067768,,,,,,,40000,20:13:32 17 Sep 2022
2022,House,_lite,9/16/22,.414375,.585625,212.8877,222.1123,213,222,243,252,183,192,9.85e+07,1.06e+08,9.12e+07,-.8092804,4.532576,-6.094852,,,,,,,40000,20:46:39 16 Sep 2022
2022,House,_lite,9/15/22,.40665,.59335,212.2288,222.7712,212,223,243,254,181,192,9.85e+07,1.06e+08,9.12e+07,-.9762573,4.334309,-6.246305,,,,,,,40000,20:12:49 15 Sep 2022
2022,House,_lite,9/14/22,.413625,.586375,212.5389,222.461,212,223,244,254,181,191,9.85e+07,1.06e+08,9.11e+07,-.9187126,4.473852,-6.220009,,,,,,,40000,20:50:01 14 Sep 2022
2022,House,_lite,9/13/22,.397625,.602375,211.3275,223.6724,211,224,243,255,180,192,9.85e+07,1.06e+08,9.11e+07,-1.143402,4.149431,-6.53116,,,,,,,40000,21:16:09 13 Sep 2022
2022,House,_lite,9/12/22,.385475,.614525,210.8091,224.1909,210,225,242,255,180,193,9.85e+07,1.06e+08,9.11e+07,-1.148266,4.190987,-6.54282,,,,,,,40000,21:19:39 12 Sep 2022
2022,House,_lite,9/11/22,.38285,.61715,210.8701,224.1299,211,224,242,255,180,193,9.85e+07,1.06e+08,9.12e+07,-1.095463,4.279654,-6.431286,,,,,,,40000,20:12:14 11 Sep 2022
2022,House,_lite,9/10/22,.38555,.61445,210.9035,224.0965,211,224,242,255,180,193,9.85e+07,1.06e+08,9.13e+07,-1.107101,4.260624,-6.466528,,,,,,,40000,20:11:55 10 Sep 2022
2022,House,_lite,9/9/22,.384075,.615925,210.7334,224.2665,210,225,242,255,180,193,9.85e+07,1.06e+08,9.12e+07,-1.119682,4.267534,-6.536856,,,,,,,40000,20:12:16  9 Sep 2022
2022,House,_lite,9/8/22,.388825,.611175,210.8982,224.1018,211,224,242,255,180,193,9.85e+07,1.06e+08,9.12e+07,-.9405518,4.4832,-6.350641,,,,,,,40000,20:11:52  8 Sep 2022
2022,House,_lite,9/7/22,.38725,.61275,210.7852,224.2147,211,224,242,255,180,193,9.85e+07,1.06e+08,9.11e+07,-1.078167,4.31813,-6.431906,,,,,,,40000,20:11:39  7 Sep 2022
2022,House,_lite,9/6/22,.378975,.621025,210.4105,224.5895,210,225,242,256,179,193,9.84e+07,1.06e+08,9.11e+07,-1.173069,4.322134,-6.638523,,,,,,,40000,20:34:12  6 Sep 2022
2022,House,_lite,9/5/22,.37365,.62635,209.8937,225.1062,210,225,241,256,179,194,9.84e+07,1.06e+08,9.11e+07,-1.306316,4.155163,-6.68404,,,,,,,40000,20:12:34  5 Sep 2022
2022,House,_lite,9/4/22,.372,.628,209.6685,225.3315,210,225,241,256,179,194,9.84e+07,1.06e+08,9.10e+07,-1.32531,4.113935,-6.78294,,,,,,,40000,20:11:35  4 Sep 2022
2022,House,_lite,9/3/22,.3717,.6283,209.7347,225.2652,210,225,241,256,179,194,9.84e+07,1.06e+08,9.11e+07,-1.300198,4.142685,-6.726217,,,,,,,40000,20:12:01  3 Sep 2022
2022,House,_lite,9/2/22,.3713,.6287,209.6367,225.3632,210,225,241,257,178,194,9.84e+07,1.06e+08,9.10e+07,-1.31134,4.231815,-6.863586,,,,,,,40000,20:12:01  2 Sep 2022
2022,House,_lite,9/1/22,.372475,.627525,209.7231,225.2769,209,226,241,257,178,194,9.84e+07,1.06e+08,9.11e+07,-1.322739,4.263159,-6.802052,,,,,,,40000,21:03:10  1 Sep 2022
2022,House,_lite,8/31/22,.3694,.6306,209.2115,225.7885,209,226,243,259,176,192,9.84e+07,1.06e+08,9.09e+07,-1.374226,4.059259,-6.844831,,,,,,,40000,20:33:38 31 Aug 2022
2022,House,_lite,8/30/22,.354,.646,207.756,227.244,208,227,242,262,173,193,9.84e+07,1.06e+08,9.10e+07,-1.578888,3.876305,-7.058475,,,,,,,40000,21:45:07 30 Aug 2022
2022,House,_lite,8/29/22,.35585,.64415,207.8805,227.1195,208,227,243,262,173,192,9.84e+07,1.06e+08,9.10e+07,-1.705044,3.846186,-7.231466,,,,,,,40000,20:46:58 29 Aug 2022
2022,House,_lite,8/28/22,.349275,.650725,207.6389,227.3611,207,228,242,261,174,193,9.84e+07,1.06e+08,9.11e+07,-1.975998,3.581463,-7.510719,,,,,,,40000,20:13:50 28 Aug 2022
2022,House,_lite,8/27/22,.352625,.647375,207.9221,227.0778,208,227,242,261,174,193,9.84e+07,1.06e+08,9.09e+07,-1.877396,3.671371,-7.480314,,,,,,,40000,20:43:49 27 Aug 2022
2022,House,_lite,8/26/22,.34915,.65085,207.6176,227.3824,208,227,241,262,173,194,9.84e+07,1.06e+08,9.10e+07,-1.887833,3.577448,-7.560276,,,,,,,40000,21:11:14 26 Aug 2022
2022,House,_lite,8/25/22,.345825,.654175,207.2,227.7999,207,228,241,262,173,194,9.84e+07,1.06e+08,9.11e+07,-2.055428,3.421423,-7.640902,,,,,,,40000,20:16:57 25 Aug 2022
2022,House,_lite,8/24/22,.34735,.65265,207.0843,227.9157,207,228,242,262,173,193,9.84e+07,1.06e+08,9.10e+07,-2.099812,3.539879,-7.675514,,,,,,,40000,20:38:51 24 Aug 2022
2022,House,_lite,8/23/22,.316625,.683375,206.8736,228.1264,207,228,236,257,178,199,9.82e+07,1.06e+08,9.09e+07,-2.305546,3.332291,-7.812321,,,,,,,40000,21:24:37 23 Aug 2022
2022,House,_lite,8/22/22,.32335,.67665,206.7939,228.2061,207,228,236,258,177,199,9.82e+07,1.06e+08,9.09e+07,-2.236488,3.316536,-7.811441,,,,,,,40000,20:34:07 22 Aug 2022
2022,House,_lite,8/21/22,.314075,.685925,206.7182,228.2818,207,228,236,257,178,199,9.82e+07,1.06e+08,9.09e+07,-2.24894,3.349653,-7.845034,,,,,,,40000,20:11:32 21 Aug 2022
2022,House,_lite,8/20/22,.317675,.682325,206.9568,228.0432,207,228,236,257,178,199,9.82e+07,1.06e+08,9.08e+07,-2.195518,3.403673,-7.770756,,,,,,,40000,20:11:50 20 Aug 2022
2022,House,_lite,8/19/22,.320025,.679975,206.8987,228.1013,207,228,236,257,178,199,9.82e+07,1.06e+08,9.08e+07,-2.211193,3.41148,-7.811331,,,,,,,40000,21:33:49 19 Aug 2022
2022,House,_lite,8/18/22,.3242,.6758,207.1301,227.8698,207,228,236,257,178,199,9.82e+07,1.06e+08,9.08e+07,-2.169025,3.445362,-7.787653,,,,,,,40000,21:32:44 18 Aug 2022
2022,House,_lite,8/17/22,.343025,.656975,208.4517,226.5483,209,226,237,255,180,198,9.82e+07,1.06e+08,9.09e+07,-2.073326,3.528406,-7.661074,,,,,,,40000,20:11:49 17 Aug 2022
2022,House,_lite,8/16/22,.3333,.6667,207.8158,227.1841,208,227,236,256,179,199,9.76e+07,1.05e+08,9.02e+07,-2.229149,3.440979,-7.865049,,,,,,,40000,20:44:33 16 Aug 2022
2022,House,_lite,8/15/22,.326525,.673475,207.2672,227.7328,208,227,236,257,178,199,9.76e+07,1.05e+08,9.02e+07,-2.349686,3.323652,-7.949284,,,,,,,40000,20:43:46 15 Aug 2022
2022,House,_lite,8/14/22,.315275,.684725,206.7967,228.2033,207,228,235,257,178,200,9.76e+07,1.05e+08,9.02e+07,-2.509541,3.232584,-8.199785,,,,,,,40000,20:11:55 14 Aug 2022
2022,House,_lite,8/13/22,.3147,.6853,206.6361,228.3638,207,228,234,257,178,201,9.76e+07,1.05e+08,9.02e+07,-2.405701,3.211746,-8.128702,,,,,,,40000,20:11:55 13 Aug 2022
2022,House,_lite,8/12/22,.312125,.687875,206.5486,228.4514,207,228,234.5,257,178,200.5,9.76e+07,1.05e+08,9.02e+07,-2.420879,3.276438,-8.104767,,,,,,,40000,20:11:42 12 Aug 2022
2022,House,_lite,8/11/22,.3016,.6984,206.1757,228.8243,207,228,234,258,177,201,9.76e+07,1.05e+08,9.02e+07,-2.512737,3.183603,-8.304907,,,,,,,40000,21:14:54 11 Aug 2022
2022,House,_lite,8/10/22,.32725,.67275,208.6225,226.3775,209,226,234,252,183,201,9.76e+07,1.05e+08,9.03e+07,-2.228333,3.445768,-8.064762,,,,,,,40000,22:04:32 10 Aug 2022
2022,House,_lite,8/9/22,.32955,.67045,208.6703,226.3297,209,226,234,252,183,201,9.72e+07,1.05e+08,8.99e+07,-2.09676,3.562355,-7.806694,,,,,,,40000,20:11:26  9 Aug 2022
2022,House,_lite,8/8/22,.3249,.6751,208.6053,226.3947,209,226,233,252,183,202,9.72e+07,1.05e+08,8.98e+07,-1.96524,3.723385,-7.694445,,,,,,,40000,20:53:53  8 Aug 2022
2022,House,_lite,8/7/22,.321475,.678525,208.4733,226.5267,209,226,233,252,183,202,9.72e+07,1.05e+08,8.97e+07,-1.963749,3.727291,-7.75029,,,,,,,40000,20:11:27  7 Aug 2022
2022,House,_lite,8/6/22,.32905,.67095,209.0132,225.9868,209,226,233,251,184,202,9.72e+07,1.05e+08,8.99e+07,-2.027794,3.699707,-7.751387,,,,,,,40000,20:11:29  6 Aug 2022
2022,House,_lite,8/5/22,.332525,.667475,209.072,225.928,209,226,233,251,184,202,9.72e+07,1.05e+08,8.98e+07,-2.044411,3.698818,-7.818726,,,,,,,40000,20:11:33  5 Aug 2022
2022,House,_lite,8/4/22,.334225,.665775,206.1337,228.8663,206,229,241,264,171,194,9.72e+07,1.05e+08,8.98e+07,-2.201504,3.519194,-7.925495,,,,,,,40000,20:53:28  4 Aug 2022
2022,House,_lite,8/3/22,.33235,.66765,206.2338,228.7662,206,229,241,264,171,194,9.72e+07,1.05e+08,8.98e+07,-2.309246,3.485664,-8.008581,,,,,,,40000,20:52:45  3 Aug 2022
2022,House,_lite,8/2/22,.315925,.684075,204.3044,230.6955,204,231,241,268,167,194,9.75e+07,1.05e+08,9.02e+07,-2.565159,3.181498,-8.329638,,,,,,,40000,20:53:27  2 Aug 2022
2022,House,_lite,8/1/22,.30855,.69145,203.5948,231.4051,204,231,241,269,166,194,9.75e+07,1.05e+08,9.01e+07,-2.761135,3.003984,-8.533001,,,,,,,40000,20:39:38  1 Aug 2022
2022,House,_lite,7/31/22,.302125,.697875,203.2837,231.7162,203,232,240,269,166,195,9.75e+07,1.05e+08,9.01e+07,-2.851219,2.975964,-8.581657,,,,,,,40000,20:11:29 31 Jul 2022
2022,House,_lite,7/30/22,.3056,.6944,203.136,231.864,203,232,240.5,270,165,194.5,9.75e+07,1.05e+08,9.02e+07,-2.724163,3.084311,-8.566751,,,,,,,40000,20:12:24 30 Jul 2022
2022,House,_lite,7/29/22,.30335,.69665,203.1568,231.8432,203,232,240,269,166,195,9.75e+07,1.05e+08,9.01e+07,-2.736206,3.053637,-8.482121,,,,,,,40000,21:01:25 29 Jul 2022
2022,House,_lite,7/28/22,.302875,.697125,203.2669,231.733,203,232,240,269,166,195,9.75e+07,1.05e+08,9.02e+07,-2.837265,2.993872,-8.626295,,,,,,,40000,21:36:57 28 Jul 2022
2022,House,_lite,7/27/22,.295475,.704525,203.0551,231.9449,203,232,238,268,167,197,9.75e+07,1.05e+08,9.01e+07,-2.830925,2.957659,-8.655956,,,,,,,40000,20:31:21 27 Jul 2022
2022,House,_lite,7/26/22,.290925,.709075,202.3715,232.6284,202,233,238,269,166,197,9.85e+07,1.06e+08,9.12e+07,-2.974499,2.779428,-8.861307,,,,,,,40000,20:43:20 26 Jul 2022
2022,House,_lite,7/25/22,.2696,.7304,201.2337,233.7663,201,234,236,269,166,199,9.85e+07,1.06e+08,9.12e+07,-3.203125,2.559505,-8.978025,,,,,,,40000,21:00:44 25 Jul 2022
2022,House,_lite,7/24/22,.273925,.726075,201.9968,233.0032,202,233,236,267,168,199,9.80e+07,1.05e+08,9.06e+07,-3.186523,2.706259,-9.029114,,,,,,,40000,20:10:58 24 Jul 2022
2022,House,_lite,7/23/22,.268175,.731825,201.8684,233.1316,202,233,236,266,169,199,9.80e+07,1.05e+08,9.07e+07,-3.097038,2.783434,-8.884655,,,,,,,40000,20:10:44 23 Jul 2022
2022,House,_lite,7/22/22,.2698,.7302,201.8504,233.1496,202,233,235,267,168,200,9.80e+07,1.05e+08,9.06e+07,-3.108177,2.69219,-8.926079,,,,,,,40000,21:13:18 22 Jul 2022
2022,House,_lite,7/21/22,.27325,.72675,202.2463,232.7537,202,233,235,266,169,200,9.80e+07,1.05e+08,9.07e+07,-3.111553,2.820999,-8.946968,,,,,,,40000,20:11:00 21 Jul 2022
2022,House,_lite,7/20/22,.252725,.747275,200.581,234.4189,201,234,233,268,167,202,9.80e+07,1.05e+08,9.07e+07,-3.469429,2.374746,-9.331573,,,,,,,40000,20:50:08 20 Jul 2022
2022,House,_lite,7/19/22,.233175,.766825,197.939,237.0609,198,237,233,273,162,202,9.80e+07,1.05e+08,9.06e+07,-3.694321,2.158001,-9.595369,,,,,,,40000,20:11:34 19 Jul 2022
2022,House,_lite,7/18/22,.23295,.76705,197.524,237.476,198,237,233,274,161,202,9.80e+07,1.05e+08,9.07e+07,-3.791405,2.124283,-9.685816,,,,,,,40000,20:11:35 18 Jul 2022
2022,House,_lite,7/17/22,.235875,.764125,197.5579,237.442,198,237,233,274,161,202,9.80e+07,1.05e+08,9.07e+07,-3.869732,2.051241,-9.78318,,,,,,,40000,20:10:28 17 Jul 2022
2022,House,_lite,7/16/22,.23435,.76565,197.5994,237.4005,198,237,233,274,161,202,9.80e+07,1.05e+08,9.07e+07,-3.730766,2.174995,-9.661257,,,,,,,40000,20:10:31 16 Jul 2022
2022,House,_lite,7/15/22,.235875,.764125,197.9849,237.015,198,237,234,273,162,201,9.80e+07,1.05e+08,9.06e+07,-3.738533,2.212521,-9.571737,,,,,,,40000,20:10:41 15 Jul 2022
2022,House,_lite,7/14/22,.23405,.76595,197.6242,237.3757,198,237,234,274,161,201,9.80e+07,1.05e+08,9.07e+07,-3.782986,2.165062,-9.756256,,,,,,,40000,20:29:51 14 Jul 2022
2022,House,_lite,7/13/22,.233225,.766775,197.5982,237.4018,198,237,233,273,162,202,9.89e+07,1.06e+08,9.16e+07,-3.939934,2.008102,-9.902781,,,,,,,40000,22:14:55 13 Jul 2022
2022,House,_lite,7/12/22,.216625,.783375,195.9512,239.0488,196,239,232,276,159,203,9.94e+07,1.07e+08,9.20e+07,-4.248741,1.712278,-10.24471,,,,,,,40000,20:10:30 12 Jul 2022
2022,House,_lite,7/11/22,.231925,.768075,197.1703,237.8297,198,237,233,274,161,202,9.94e+07,1.07e+08,9.20e+07,-4.028469,1.975748,-10.01784,,,,,,,40000,20:11:01 11 Jul 2022
2022,House,_lite,7/10/22,.241725,.758275,196.6796,238.3203,197,238,235,277,158,200,9.94e+07,1.07e+08,9.20e+07,-3.880898,2.010614,-9.907391,,,,,,,40000,20:10:27 10 Jul 2022
2022,House,_lite,7/9/22,.24295,.75705,196.9761,238.0239,198,237,235,277,158,200,9.94e+07,1.07e+08,9.19e+07,-3.888779,2.025772,-9.843767,,,,,,,40000,20:10:36  9 Jul 2022
2022,House,_lite,7/8/22,.2421,.7579,196.7312,238.2688,197,238,235,278,157,200,9.94e+07,1.07e+08,9.21e+07,-3.898155,2.083158,-9.884283,,,,,,,40000,20:10:33  8 Jul 2022
2022,House,_lite,7/7/22,.24925,.75075,197.4721,237.5278,198,237,236,277,158,199,9.94e+07,1.07e+08,9.21e+07,-3.813805,2.224724,-9.792675,,,,,,,40000,20:10:16  7 Jul 2022
2022,House,_lite,7/6/22,.24675,.75325,197.9986,237.0013,198,237,235,275,160,200,9.94e+07,1.07e+08,9.20e+07,-3.802227,2.210356,-9.744526,,,,,,,40000,20:10:27  6 Jul 2022
2022,House,_lite,7/5/22,.237325,.762675,197.3123,237.6877,198,237,234,275,160,201,9.88e+07,1.06e+08,9.15e+07,-3.8964,2.120441,-9.933947,,,,,,,40000,20:32:45  5 Jul 2022
2022,House,_lite,7/4/22,.22125,.77875,195.9566,239.0434,196,239,232,276,159,203,9.88e+07,1.06e+08,9.16e+07,-4.101223,1.855314,-10.02599,,,,,,,40000,20:44:02  4 Jul 2022
2022,House,_lite,7/3/22,.222125,.777875,195.8422,239.1578,196,239,233,277,158,202,9.88e+07,1.06e+08,9.14e+07,-4.030693,1.965012,-10.01848,,,,,,,40000,20:13:30  3 Jul 2022
2022,House,_lite,7/2/22,.222825,.777175,195.9427,239.0572,196,239,232,276,159,203,9.88e+07,1.06e+08,9.15e+07,-4.037338,1.95043,-9.999336,,,,,,,40000,20:13:08  2 Jul 2022
2022,House,_lite,7/1/22,.22415,.77585,195.877,239.123,196,239,233,277,158,202,9.88e+07,1.06e+08,9.15e+07,-4.043003,2.028549,-10.0428,,,,,,,40000,20:13:01  1 Jul 2022
2022,House,_lite,6/30/22,.217375,.782625,195.4904,239.5096,196,239,232,277,158,203,9.88e+07,1.06e+08,9.17e+07,-4.120113,1.91091,-10.07073,,,,,,,40000,20:51:20 30 Jun 2022
2022,House,_lite,6/29/22,.220325,.779675,195.8407,239.1593,196,239,232,276,159,203,9.88e+07,1.06e+08,9.15e+07,-4.05822,1.969175,-10.09946,,,,,,,40000,22:11:20 29 Jun 2022
2022,House,_lite,6/26/22,.22755,.77245,197.2393,237.7606,198,237,232,273,162,203,9.83e+07,1.06e+08,9.10e+07,-4.189217,1.879799,-10.20179,,,,,,,40000,11:19:59 29 Jun 2022
2022,House,_lite,6/25/22,.22675,.77325,196.926,238.074,198,237,232,274,161,203,9.83e+07,1.06e+08,9.10e+07,-4.279888,1.776165,-10.40408,,,,,,,40000,12:03:45 29 Jun 2022
2022,House,_lite,6/24/22,.22865,.77135,197.2659,237.734,198,237,232,274,161,203,9.83e+07,1.06e+08,9.10e+07,-4.190243,1.932178,-10.26141,,,,,,,40000,11:37:32 29 Jun 2022
2022,House,_lite,6/22/22,.224675,.775325,197.3112,237.6888,198,237,231,273,162,204,9.83e+07,1.06e+08,9.10e+07,-4.247734,1.844006,-10.31891,,,,,,,40000,11:38:08 29 Jun 2022
2022,House,_lite,6/21/22,.24105,.75895,195.6472,239.3528,196,239,235,280,155,200,9.83e+07,1.06e+08,9.10e+07,-4.221962,1.876411,-10.32699,,,,,,,40000,12:22:16 29 Jun 2022
2022,House,_lite,6/19/22,.23235,.76765,194.8696,240.1303,196,239,235,281,154,200,9.80e+07,1.05e+08,9.08e+07,-4.308472,1.850452,-10.46801,,,,,,,40000,11:56:12 29 Jun 2022
2022,House,_lite,6/18/22,.2357,.7643,195.1808,239.8191,196,239,235,281,154,200,9.80e+07,1.05e+08,9.07e+07,-4.306557,1.884172,-10.39627,,,,,,,40000,11:55:44 29 Jun 2022
2022,House,_lite,6/17/22,.235025,.764975,194.9963,240.0037,196,239,235,281,154,200,9.80e+07,1.05e+08,9.07e+07,-4.290367,1.863461,-10.41205,,,,,,,40000,12:40:38 29 Jun 2022
2022,House,_lite,6/15/22,.2319,.7681,194.6167,240.3832,195,240,234,282,153,201,9.80e+07,1.05e+08,9.07e+07,-4.441288,1.827696,-10.56277,,,,,,,40000,12:14:19 29 Jun 2022
2022,House,_lite,6/14/22,.234175,.765825,194.8212,240.1788,196,239,235,282,153,200,9.80e+07,1.05e+08,9.08e+07,-4.353065,1.792915,-10.58425,,,,,,,40000,12:13:39 29 Jun 2022
2022,House,_lite,6/13/22,.238375,.761625,195.6808,239.3192,196,239,235,280,155,200,9.75e+07,1.05e+08,9.02e+07,-4.361389,1.818617,-10.54797,,,,,,,40000,12:58:34 29 Jun 2022
2022,House,_lite,6/11/22,.214425,.785575,196.9164,238.0836,197,238,230,273,162,205,9.75e+07,1.05e+08,9.02e+07,-4.362789,1.830763,-10.58712,,,,,,,40000,12:32:30 29 Jun 2022
2022,House,_lite,6/10/22,.21355,.78645,196.8378,238.1621,197,238,230,273,162,205,9.75e+07,1.05e+08,9.02e+07,-4.358685,1.86902,-10.5771,,,,,,,40000,12:31:52 29 Jun 2022
2022,House,_lite,6/9/22,.2026,.7974,196.4231,238.5768,197,238,229,272,163,206,9.75e+07,1.05e+08,9.02e+07,-4.368931,1.810556,-10.57281,,,,,,,40000,13:16:38 29 Jun 2022
2022,House,_lite,6/7/22,.2206,.7794,194.3084,240.6916,195,240,233,281,154,202,9.75e+07,1.05e+08,9.03e+07,-4.384151,1.867189,-10.62045,,,,,,,40000,12:50:50 29 Jun 2022
2022,House,_lite,6/6/22,.220075,.779925,194.629,240.371,195,240,233,279,156,202,9.76e+07,1.05e+08,9.04e+07,-4.36874,1.8368,-10.52265,,,,,,,40000,12:49:58 29 Jun 2022
2022,House,_lite,6/5/22,.23285,.76715,195.8504,239.1495,196,239,234,278.5,156.5,201,9.76e+07,1.05e+08,9.03e+07,-4.223545,2.050135,-10.39638,,,,,,,40000,13:34:55 29 Jun 2022
2022,House,_lite,6/3/22,.235175,.764825,194.8947,240.1053,195,240,236,282,153,199,9.76e+07,1.05e+08,9.04e+07,-4.219921,2.109142,-10.43335,,,,,,,40000,13:08:55 29 Jun 2022
2022,House,_lite,6/2/22,.23695,.76305,194.8204,240.1796,195,240,236,282,153,199,9.76e+07,1.05e+08,9.04e+07,-4.242519,1.998186,-10.53477,,,,,,,40000,13:07:40 29 Jun 2022
2022,House,_lite,6/1/22,.24615,.75385,195.6004,239.3995,196,239,236,281,154,199,9.76e+07,1.05e+08,9.02e+07,-4.198563,2.084372,-10.44443,,,,,,,40000,13:53:05 29 Jun 2022
2022,House,_deluxe,11/8/22,.1602,.8398,205.2352,229.7647,206,229,221,246,189,214,1.03e+08,1.10e+08,9.52e+07,-3.981052,.0567646,-8.020397,,,,,,,40000,00:12:39  8 Nov 2022
2022,House,_deluxe,11/7/22,.159875,.840125,205.2016,229.7984,206,229,221,246,189,214,1.03e+08,1.10e+08,9.53e+07,-3.98299,.0908813,-8.107075,,,,,,,40000,23:04:54  7 Nov 2022
2022,House,_deluxe,11/6/22,.175025,.824975,205.6574,229.3426,207,228,221,246,189,214,1.02e+08,1.10e+08,9.48e+07,-4.093666,.0726318,-8.25272,,,,,,,40000,20:35:27  6 Nov 2022
2022,House,_deluxe,11/5/22,.158225,.841775,204.603,230.3969,205,230,221,248,187,214,1.02e+08,1.09e+08,9.48e+07,-4.27935,-.0732937,-8.503113,,,,,,,40000,20:36:24  5 Nov 2022
2022,House,_deluxe,11/4/22,.1556,.8444,204.4902,230.5098,205,230,221,248,187,214,1.02e+08,1.10e+08,9.48e+07,-4.317135,-.1105804,-8.584421,,,,,,,40000,21:58:23  4 Nov 2022
2022,House,_deluxe,11/3/22,.149025,.850975,204.1487,230.8513,205,230,220,248,187,215,1.02e+08,1.09e+08,9.48e+07,-4.410835,-.1647243,-8.701742,,,,,,,40000,20:34:15  3 Nov 2022
2022,House,_deluxe,11/2/22,.153925,.846075,204.2608,230.7392,205,230,220,248,187,215,1.02e+08,1.09e+08,9.47e+07,-4.32782,-.0392857,-8.709471,,,,,,,40000,20:55:27  2 Nov 2022
2022,House,_deluxe,11/1/22,.16685,.83315,204.808,230.192,206,229,221,248,187,214,1.02e+08,1.09e+08,9.42e+07,-4.202229,.239006,-8.529484,,,,,,,40000,21:17:26  1 Nov 2022
2022,House,_deluxe,10/31/22,.17885,.82115,205.5324,229.4675,206,229,222,247,188,213,1.01e+08,1.09e+08,9.37e+07,-4.04768,.3200645,-8.465975,,,,,,,40000,22:22:24 31 Oct 2022
2022,House,_deluxe,10/30/22,.189,.811,205.8158,229.1841,207,228,222,247,188,213,1.01e+08,1.08e+08,9.38e+07,-3.995083,.4158554,-8.399019,,,,,,,40000,20:11:38 30 Oct 2022
2022,House,_deluxe,10/29/22,.1955,.8045,206.128,228.8719,207,228,222,246,189,213,1.01e+08,1.08e+08,9.39e+07,-3.974018,.5445251,-8.440079,,,,,,,40000,20:35:44 29 Oct 2022
2022,House,_deluxe,10/28/22,.189975,.810025,205.8417,229.1583,207,228,222,247,188,213,1.01e+08,1.08e+08,9.38e+07,-3.935993,.5787411,-8.40756,,,,,,,40000,21:04:47 28 Oct 2022
2022,House,_deluxe,10/27/22,.18565,.81435,205.5096,229.4904,206,229,222,247,188,213,1.01e+08,1.09e+08,9.38e+07,-4.064888,.4125309,-8.611948,,,,,,,40000,20:44:28 27 Oct 2022
2022,House,_deluxe,10/26/22,.1946,.8054,205.8053,229.1947,207,228,222,247,188,213,1.01e+08,1.09e+08,9.38e+07,-3.831577,.7045288,-8.386341,,,,,,,40000,20:33:17 26 Oct 2022
2022,House,_deluxe,10/25/22,.193475,.806525,205.6642,229.3358,207,228,222,248,187,213,1.04e+08,1.11e+08,9.67e+07,-4.016834,.53829,-8.583071,,,,,,,40000,20:11:20 25 Oct 2022
2022,House,_deluxe,10/24/22,.194225,.805775,205.8911,229.1089,207,228,222,247,188,213,1.04e+08,1.12e+08,9.67e+07,-3.936317,.6502266,-8.524891,,,,,,,40000,21:34:23 24 Oct 2022
2022,House,_deluxe,10/23/22,.19545,.80455,206.1138,228.8862,207,228,222,247,188,213,1.04e+08,1.12e+08,9.67e+07,-3.846283,.7353401,-8.480585,,,,,,,40000,20:59:20 23 Oct 2022
2022,House,_deluxe,10/22/22,.19245,.80755,205.87,229.13,207,228,222,247,188,213,1.04e+08,1.12e+08,9.66e+07,-3.931019,.6890659,-8.586689,,,,,,,40000,20:43:30 22 Oct 2022
2022,House,_deluxe,10/21/22,.19765,.80235,205.981,229.019,207,228,223,247,188,212,1.04e+08,1.12e+08,9.67e+07,-3.918568,.7895603,-8.591038,,,,,,,40000,20:11:14 21 Oct 2022
2022,House,_deluxe,10/20/22,.213875,.786125,206.7357,228.2643,208,227,223,246,189,212,1.04e+08,1.12e+08,9.67e+07,-3.580143,1.118233,-8.249401,,,,,,,40000,18:39:19 20 Oct 2022
2022,House,_deluxe,10/19/22,.24655,.75345,208.1026,226.8973,209,226,224,245,190,211,1.04e+08,1.12e+08,9.67e+07,-3.196419,1.456573,-7.893318,,,,,,,40000,20:35:13 19 Oct 2022
2022,House,_deluxe,10/18/22,.267325,.732675,208.933,226.0669,210,225,225,244,191,210,1.04e+08,1.12e+08,9.68e+07,-3.053875,1.616886,-7.729246,,,,,,,40000,20:30:55 18 Oct 2022
2022,House,_deluxe,10/17/22,.283475,.716525,209.6021,225.3978,211,224,226,243,192,209,1.04e+08,1.12e+08,9.69e+07,-2.613575,2.124954,-7.327055,,,,,,,40000,21:23:07 17 Oct 2022
2022,House,_deluxe,10/16/22,.29125,.70875,209.968,225.032,211,224,226,242,193,209,1.04e+08,1.12e+08,9.68e+07,-2.474407,2.249569,-7.244354,,,,,,,40000,20:11:18 16 Oct 2022
2022,House,_deluxe,10/15/22,.2894,.7106,209.9661,225.0339,211,224,226,242,193,209,1.04e+08,1.12e+08,9.70e+07,-2.493237,2.247816,-7.263887,,,,,,,40000,20:11:18 15 Oct 2022
2022,House,_deluxe,10/14/22,.2944,.7056,210.0932,224.9068,211,224,226,242,193,209,1.04e+08,1.12e+08,9.69e+07,-2.529667,2.246855,-7.366549,,,,,,,40000,20:11:32 14 Oct 2022
2022,House,_deluxe,10/13/22,.307425,.692575,210.5519,224.4481,211,224,226.5,242,193,208.5,1.04e+08,1.12e+08,9.68e+07,-2.345528,2.476776,-7.156239,,,,,,,40000,20:11:05 13 Oct 2022
2022,House,_deluxe,10/12/22,.290075,.709925,209.9071,225.0928,211,224,226,242,193,209,1.04e+08,1.12e+08,9.69e+07,-2.481121,2.273481,-7.342062,,,,,,,40000,20:11:05 12 Oct 2022
2022,House,_deluxe,10/11/22,.2959,.7041,210.0841,224.9159,211,224,226,242,193,209,1.03e+08,1.11e+08,9.61e+07,-2.513462,2.302313,-7.382683,,,,,,,40000,20:29:24 11 Oct 2022
2022,House,_deluxe,10/10/22,.299725,.700275,210.2438,224.7562,211,224,226,242,193,209,1.03e+08,1.11e+08,9.60e+07,-2.507259,2.319334,-7.322807,,,,,,,40000,20:58:09 10 Oct 2022
2022,House,_deluxe,10/9/22,.304625,.695375,210.3571,224.6429,211,224,226,242,193,209,1.03e+08,1.11e+08,9.60e+07,-2.495483,2.322071,-7.309624,,,,,,,40000,20:11:06  9 Oct 2022
2022,House,_deluxe,10/8/22,.302425,.697575,210.2664,224.7336,211,224,226,242,193,209,1.03e+08,1.11e+08,9.60e+07,-2.508701,2.419348,-7.380579,,,,,,,40000,20:28:34  8 Oct 2022
2022,House,_deluxe,10/7/22,.2907,.7093,209.8561,225.1438,211,224,226,243,192,209,1.03e+08,1.11e+08,9.60e+07,-2.571644,2.330305,-7.478918,,,,,,,40000,21:19:06  7 Oct 2022
2022,House,_deluxe,10/6/22,.307925,.692075,210.4225,224.5775,211,224,227,242,193,208,1.03e+08,1.11e+08,9.60e+07,-2.486191,2.449568,-7.322439,,,,,,,40000,20:11:29  6 Oct 2022
2022,House,_deluxe,10/5/22,.308125,.691875,210.4001,224.5999,211,224,227,242,193,208,1.03e+08,1.11e+08,9.61e+07,-2.442616,2.470034,-7.393967,,,,,,,40000,22:37:54  5 Oct 2022
2022,House,_deluxe,10/4/22,.3066,.6934,210.2422,224.7578,211,224,227,242,193,208,1.01e+08,1.08e+08,9.38e+07,-2.387386,2.541773,-7.361984,,,,,,,40000,20:44:12  4 Oct 2022
2022,House,_deluxe,10/3/22,.3061,.6939,210.3015,224.6985,211,224,227,243,192,208,1.01e+08,1.08e+08,9.37e+07,-2.44511,2.460773,-7.474861,,,,,,,40000,20:57:49  3 Oct 2022
2022,House,_deluxe,10/2/22,.31915,.68085,210.7403,224.2596,212,223,227,242,193,208,1.01e+08,1.08e+08,9.36e+07,-2.41507,2.517164,-7.352737,,,,,,,40000,20:11:21  2 Oct 2022
2022,House,_deluxe,10/1/22,.32165,.67835,210.7625,224.2375,212,223,227,242,193,208,1.01e+08,1.08e+08,9.36e+07,-2.382965,2.613852,-7.321119,,,,,,,40000,20:11:17  1 Oct 2022
2022,House,_deluxe,9/30/22,.31835,.68165,210.5979,224.402,212,223,227,242,193,208,1.01e+08,1.08e+08,9.37e+07,-2.407856,2.566063,-7.367352,,,,,,,40000,20:31:09 30 Sep 2022
2022,House,_deluxe,9/29/22,.311525,.688475,210.458,224.542,211,224,227,242,193,208,1.01e+08,1.08e+08,9.38e+07,-2.469315,2.5898,-7.440039,,,,,,,40000,20:11:11 29 Sep 2022
2022,House,_deluxe,9/28/22,.3093,.6907,210.3712,224.6288,211,224,227,243,192,208,1.01e+08,1.08e+08,9.37e+07,-2.452316,2.49888,-7.495684,,,,,,,40000,20:52:34 28 Sep 2022
2022,House,_deluxe,9/27/22,.296325,.703675,209.8189,225.1811,211,224,227,244,191,208,9.87e+07,1.06e+08,9.11e+07,-2.649105,2.404104,-7.753675,,,,,,,40000,20:34:09 27 Sep 2022
2022,House,_deluxe,9/26/22,.299475,.700525,209.7607,225.2393,211,224,227,244,191,208,9.87e+07,1.06e+08,9.13e+07,-2.625736,2.445522,-7.718346,,,,,,,40000,20:56:59 26 Sep 2022
2022,House,_deluxe,9/25/22,.29875,.70125,209.7701,225.2299,211,224,226,244,191,209,9.87e+07,1.06e+08,9.13e+07,-2.596916,2.452398,-7.656006,,,,,,,40000,20:29:37 25 Sep 2022
2022,House,_deluxe,9/24/22,.319625,.680375,210.5237,224.4763,212,223,227,243,192,208,9.87e+07,1.06e+08,9.13e+07,-2.349777,2.70648,-7.402121,,,,,,,40000,20:11:09 24 Sep 2022
2022,House,_deluxe,9/23/22,.317175,.682825,210.4929,224.507,211,224,227,243,192,208,9.87e+07,1.06e+08,9.14e+07,-2.305984,2.69619,-7.390471,,,,,,,40000,19:34:04 23 Sep 2022
2022,House,_deluxe,9/22/22,.30745,.69255,209.7824,225.2176,211,224,227,244,191,208,9.87e+07,1.06e+08,9.13e+07,-2.360294,2.75839,-7.484554,,,,,,,40000,21:10:49 22 Sep 2022
2022,House,_deluxe,9/21/22,.28075,.71925,208.9231,226.0769,210,225,226,245,190,209,9.87e+07,1.06e+08,9.14e+07,-2.699261,2.43269,-7.835598,,,,,,,40000,21:10:54 21 Sep 2022
2022,House,_deluxe,9/20/22,.292225,.707775,209.2077,225.7923,210,225,227,245,190,208,9.85e+07,1.06e+08,9.11e+07,-2.576118,2.606451,-7.661304,,,,,,,40000,20:13:53 20 Sep 2022
2022,House,_deluxe,9/19/22,.2873,.7127,209.0247,225.9753,210,225,227,245,190,208,9.85e+07,1.06e+08,9.11e+07,-2.565853,2.558414,-7.725382,,,,,,,40000,21:41:21 19 Sep 2022
2022,House,_deluxe,9/18/22,.282475,.717525,208.7648,226.2352,210,225,227,245,190,208,9.85e+07,1.06e+08,9.11e+07,-2.583462,2.546511,-7.778046,,,,,,,40000,20:13:36 18 Sep 2022
2022,House,_deluxe,9/17/22,.287125,.712875,208.9518,226.0482,210,225,227,245,190,208,9.85e+07,1.06e+08,9.11e+07,-2.597889,2.590797,-7.760015,,,,,,,40000,20:13:32 17 Sep 2022
2022,House,_deluxe,9/16/22,.28895,.71105,208.9418,226.0581,210,225,227,246,189,208,9.85e+07,1.06e+08,9.12e+07,-2.609745,2.619135,-7.7997,,,,,,,40000,20:46:39 16 Sep 2022
2022,House,_deluxe,9/15/22,.2811,.7189,208.7039,226.2961,210,225,227,245,190,208,9.85e+07,1.06e+08,9.12e+07,-2.66634,2.526884,-7.832561,,,,,,,40000,20:12:49 15 Sep 2022
2022,House,_deluxe,9/14/22,.284725,.715275,208.8615,226.1385,210,225,227,246,189,208,9.85e+07,1.06e+08,9.11e+07,-2.599644,2.692127,-7.78376,,,,,,,40000,20:50:01 14 Sep 2022
2022,House,_deluxe,9/13/22,.269025,.730975,207.9995,227.0004,209,226,226,247,188,209,9.85e+07,1.06e+08,9.11e+07,-2.867779,2.326298,-8.134207,,,,,,,40000,21:16:09 13 Sep 2022
2022,House,_deluxe,9/12/22,.261025,.738975,207.7199,227.28,209,226,226,247,188,209,9.85e+07,1.06e+08,9.11e+07,-2.972313,2.262829,-8.261389,,,,,,,40000,21:19:39 12 Sep 2022
2022,House,_deluxe,9/11/22,.2593,.7407,207.7081,227.2919,209,226,226,247,188,209,9.85e+07,1.06e+08,9.12e+07,-2.912819,2.341932,-8.155125,,,,,,,40000,20:12:14 11 Sep 2022
2022,House,_deluxe,9/10/22,.26175,.73825,207.7124,227.2876,209,226,226,247,188,209,9.85e+07,1.06e+08,9.13e+07,-2.927608,2.328716,-8.203724,,,,,,,40000,20:11:55 10 Sep 2022
2022,House,_deluxe,9/9/22,.258275,.741725,207.6183,227.3817,209,226,226,247,188,209,9.85e+07,1.06e+08,9.12e+07,-2.943153,2.332113,-8.262016,,,,,,,40000,20:12:16  9 Sep 2022
2022,House,_deluxe,9/8/22,.256425,.743575,207.5678,227.4322,208,227,226,247,188,209,9.85e+07,1.06e+08,9.12e+07,-2.836227,2.469357,-8.135574,,,,,,,40000,20:11:52  8 Sep 2022
2022,House,_deluxe,9/7/22,.2563,.7437,207.5173,227.4827,208,227,226,247,188,209,9.85e+07,1.06e+08,9.11e+07,-2.945644,2.330011,-8.219316,,,,,,,40000,20:11:39  7 Sep 2022
2022,House,_deluxe,9/6/22,.254375,.745625,207.3598,227.6401,208,227,226,248,187,209,9.84e+07,1.06e+08,9.11e+07,-3.039188,2.351967,-8.417236,,,,,,,40000,20:34:12  6 Sep 2022
2022,House,_deluxe,9/5/22,.245675,.754325,206.9717,228.0283,208,227,225,248,187,210,9.84e+07,1.06e+08,9.11e+07,-3.192413,2.172525,-8.457939,,,,,,,40000,20:12:34  5 Sep 2022
2022,House,_deluxe,9/4/22,.24465,.75535,206.8182,228.1817,208,227,225,248,187,210,9.84e+07,1.06e+08,9.10e+07,-3.213516,2.109493,-8.552227,,,,,,,40000,20:11:35  4 Sep 2022
2022,House,_deluxe,9/3/22,.24515,.75485,206.8398,228.1602,208,227,225,248,187,210,9.84e+07,1.06e+08,9.11e+07,-3.187515,2.154625,-8.503626,,,,,,,40000,20:12:01  3 Sep 2022
2022,House,_deluxe,9/2/22,.2447,.7553,206.7558,228.2442,208,227,226,249,186,209,9.84e+07,1.06e+08,9.10e+07,-3.201035,2.246468,-8.626362,,,,,,,40000,20:12:01  2 Sep 2022
2022,House,_deluxe,9/1/22,.245125,.754875,206.7416,228.2584,208,227,226,248,187,209,9.84e+07,1.06e+08,9.11e+07,-3.261597,2.198383,-8.629318,,,,,,,40000,21:03:10  1 Sep 2022
2022,House,_deluxe,8/31/22,.237475,.762525,206.398,228.6019,207,228,225,249,186,210,9.84e+07,1.06e+08,9.09e+07,-3.315723,1.993906,-8.69467,,,,,,,40000,20:33:38 31 Aug 2022
2022,House,_deluxe,8/30/22,.22105,.77895,205.5368,229.4632,206,229,224,250,185,211,9.84e+07,1.06e+08,9.10e+07,-3.516609,1.829201,-8.915573,,,,,,,40000,21:45:07 30 Aug 2022
2022,House,_deluxe,8/29/22,.226125,.773875,205.6498,229.3502,207,228,225,250,185,210,9.84e+07,1.06e+08,9.10e+07,-3.551769,1.888132,-8.959812,,,,,,,40000,20:46:58 29 Aug 2022
2022,House,_deluxe,8/28/22,.221775,.778225,205.5367,229.4633,206,229,225,250,185,210,9.84e+07,1.06e+08,9.11e+07,-3.717464,1.703741,-9.14608,,,,,,,40000,20:13:50 28 Aug 2022
2022,House,_deluxe,8/27/22,.224125,.775875,205.6057,229.3943,206,229,225,250,185,210,9.84e+07,1.06e+08,9.09e+07,-3.61866,1.811707,-9.132269,,,,,,,40000,20:43:49 27 Aug 2022
2022,House,_deluxe,8/26/22,.220975,.779025,205.3815,229.6184,206,229,224,250,185,211,9.84e+07,1.06e+08,9.10e+07,-3.642952,1.726513,-9.190992,,,,,,,40000,21:11:14 26 Aug 2022
2022,House,_deluxe,8/25/22,.217825,.782175,205.1904,229.8096,206,229,224,250,185,211,9.84e+07,1.06e+08,9.11e+07,-3.824917,1.535398,-9.331659,,,,,,,40000,20:16:57 25 Aug 2022
2022,House,_deluxe,8/24/22,.2223,.7777,205.2399,229.7601,206,229,225,251,184,210,9.84e+07,1.06e+08,9.10e+07,-3.86623,1.674528,-9.354259,,,,,,,40000,20:38:51 24 Aug 2022
2022,House,_deluxe,8/23/22,.214925,.785075,205.0849,229.9151,206,229,224,250,185,211,9.82e+07,1.06e+08,9.09e+07,-4.13686,1.392387,-9.523426,,,,,,,40000,21:24:37 23 Aug 2022
2022,House,_deluxe,8/22/22,.217925,.782075,204.9653,230.0347,206,229,224,251,184,211,9.82e+07,1.06e+08,9.09e+07,-4.075001,1.351133,-9.508942,,,,,,,40000,20:34:07 22 Aug 2022
2022,House,_deluxe,8/21/22,.218125,.781875,205.173,229.827,206,229,224,251,184,211,9.82e+07,1.06e+08,9.09e+07,-4.070335,1.419388,-9.539705,,,,,,,40000,20:11:32 21 Aug 2022
2022,House,_deluxe,8/20/22,.21705,.782925,205.2478,229.7522,206,229,224,250,185,211,9.82e+07,1.06e+08,9.08e+07,-4.032974,1.435432,-9.526672,,,,,,,40000,20:11:50 20 Aug 2022
2022,House,_deluxe,8/19/22,.2209,.7791,205.2431,229.7569,206,229,224,251,184,211,9.82e+07,1.06e+08,9.08e+07,-4.050129,1.438995,-9.56385,,,,,,,40000,21:33:49 19 Aug 2022
2022,House,_deluxe,8/18/22,.2196,.7804,205.1639,229.8361,206,229,224,251,184,211,9.82e+07,1.06e+08,9.08e+07,-4.06794,1.41114,-9.605167,,,,,,,40000,21:32:44 18 Aug 2022
2022,House,_deluxe,8/17/22,.224025,.775975,205.3736,229.6264,206,229,224,250,185,211,9.82e+07,1.06e+08,9.09e+07,-4.012386,1.485975,-9.500217,,,,,,,40000,20:11:49 17 Aug 2022
2022,House,_deluxe,8/16/22,.2158,.7842,204.8882,230.1118,206,229,224,251,184,211,9.76e+07,1.05e+08,9.02e+07,-4.145344,1.418791,-9.691196,,,,,,,40000,20:44:33 16 Aug 2022
2022,House,_deluxe,8/15/22,.212625,.787375,204.8141,230.1859,206,229,224,251,184,211,9.76e+07,1.05e+08,9.02e+07,-4.144451,1.41431,-9.623817,,,,,,,40000,20:43:46 15 Aug 2022
2022,House,_deluxe,8/14/22,.20945,.79055,204.6449,230.3551,206,229,224,252,183,211,9.76e+07,1.05e+08,9.02e+07,-4.267113,1.342106,-9.83902,,,,,,,40000,20:11:55 14 Aug 2022
2022,House,_deluxe,8/13/22,.20925,.79075,204.5123,230.4877,206,229,224,252,183,211,9.76e+07,1.05e+08,9.02e+07,-4.151649,1.369806,-9.742586,,,,,,,40000,20:11:55 13 Aug 2022
2022,House,_deluxe,8/12/22,.2097,.7903,204.4537,230.5463,206,229,224,252,183,211,9.76e+07,1.05e+08,9.02e+07,-4.168007,1.41353,-9.754261,,,,,,,40000,20:11:42 12 Aug 2022
2022,House,_deluxe,8/11/22,.202625,.797375,204.17,230.8298,205,230,224,252,183,211,9.76e+07,1.05e+08,9.02e+07,-4.253624,1.331892,-9.915245,,,,,,,40000,21:14:54 11 Aug 2022
2022,House,_deluxe,8/10/22,.208225,.791775,204.5209,230.479,206,229,224,251,184,211,9.76e+07,1.05e+08,9.03e+07,-4.23354,1.342564,-9.934141,,,,,,,40000,22:04:32 10 Aug 2022
2022,House,_deluxe,8/9/22,.205125,.794875,204.5444,230.4556,206,229,224,251,184,211,9.72e+07,1.05e+08,8.99e+07,-4.260471,1.298109,-9.850565,,,,,,,40000,20:11:26  9 Aug 2022
2022,House,_deluxe,8/8/22,.204675,.795325,204.389,230.611,205,230,224,251,184,211,9.72e+07,1.05e+08,8.98e+07,-4.285046,1.303471,-9.911324,,,,,,,40000,20:53:53  8 Aug 2022
2022,House,_deluxe,8/7/22,.20035,.79965,204.19,230.81,205,230,224,252,183,211,9.72e+07,1.05e+08,8.97e+07,-4.22543,1.314571,-9.871239,,,,,,,40000,20:11:27  7 Aug 2022
2022,House,_deluxe,8/6/22,.203475,.796525,204.2873,230.7127,205,230,224,251.5,183.5,211,9.72e+07,1.05e+08,8.99e+07,-4.345753,1.263811,-9.946918,,,,,,,40000,20:11:29  6 Aug 2022
2022,House,_deluxe,8/5/22,.20415,.79585,204.3004,230.6996,205,230,224,252,183,211,9.72e+07,1.05e+08,8.98e+07,-4.362877,1.258226,-10.03647,,,,,,,40000,20:11:33  5 Aug 2022
2022,House,_deluxe,8/4/22,.194225,.805775,203.5689,231.4311,205,230,223,252,183,212,9.72e+07,1.05e+08,8.98e+07,-4.388817,1.245668,-10.01785,,,,,,,40000,20:53:28  4 Aug 2022
2022,House,_deluxe,8/3/22,.19645,.80355,203.5894,231.4105,204,231,223,252,183,212,9.72e+07,1.05e+08,8.98e+07,-4.453846,1.226887,-10.03478,,,,,,,40000,20:52:45  3 Aug 2022
2022,House,_deluxe,8/2/22,.17175,.82825,202.3698,232.6302,203,232,222,254,181,213,9.75e+07,1.05e+08,9.02e+07,-4.681126,.9575634,-10.35173,,,,,,,40000,20:53:27  2 Aug 2022
2022,House,_deluxe,8/1/22,.170525,.829475,202.1718,232.8282,203,232,222,254,181,213,9.75e+07,1.05e+08,9.01e+07,-4.690632,.9886856,-10.3693,,,,,,,40000,20:39:38  1 Aug 2022
2022,House,_deluxe,7/31/22,.16955,.83045,202.1671,232.8328,203,232,222,254,181,213,9.75e+07,1.05e+08,9.01e+07,-4.772526,.9224682,-10.38415,,,,,,,40000,20:11:29 31 Jul 2022
2022,House,_deluxe,7/30/22,.17,.83,202.1167,232.8833,203,232,222,254,181,213,9.75e+07,1.05e+08,9.02e+07,-4.629761,1.09226,-10.36178,,,,,,,40000,20:12:24 30 Jul 2022
2022,House,_deluxe,7/29/22,.1704,.8296,202.1618,232.8381,203,232,222,254,181,213,9.75e+07,1.05e+08,9.01e+07,-4.642883,1.034994,-10.28293,,,,,,,40000,21:01:25 29 Jul 2022
2022,House,_deluxe,7/28/22,.1722,.827775,202.1848,232.8152,203,232,222,254,181,213,9.75e+07,1.05e+08,9.02e+07,-4.757435,.9662743,-10.44137,,,,,,,40000,21:36:57 28 Jul 2022
2022,House,_deluxe,7/27/22,.16575,.83425,201.9872,233.0127,203,232,222,254,181,213,9.75e+07,1.05e+08,9.01e+07,-4.780258,.9109344,-10.49806,,,,,,,40000,20:31:21 27 Jul 2022
2022,House,_deluxe,7/26/22,.162,.838,201.543,233.457,203,232,222,255,180,213,9.85e+07,1.06e+08,9.12e+07,-4.929916,.7385006,-10.71127,,,,,,,40000,20:43:20 26 Jul 2022
2022,House,_deluxe,7/25/22,.1499,.8501,200.8103,234.1897,202,233,221,255,180,214,9.85e+07,1.06e+08,9.12e+07,-5.230072,.4341526,-10.91587,,,,,,,40000,21:00:44 25 Jul 2022
2022,House,_deluxe,7/24/22,.154125,.845875,200.9665,234.0335,202,233,221,256,179,214,9.80e+07,1.05e+08,9.06e+07,-5.25452,.5271435,-11.01172,,,,,,,40000,20:10:58 24 Jul 2022
2022,House,_deluxe,7/23/22,.152525,.847475,200.9339,234.0661,202,233,221,255,180,214,9.80e+07,1.05e+08,9.07e+07,-5.150028,.5963268,-10.83674,,,,,,,40000,20:10:44 23 Jul 2022
2022,House,_deluxe,7/22/22,.151,.849,200.9164,234.0836,202,233,221,256,179,214,9.80e+07,1.05e+08,9.06e+07,-5.162064,.5310822,-10.85352,,,,,,,40000,21:13:18 22 Jul 2022
2022,House,_deluxe,7/21/22,.151325,.848675,200.7008,234.2992,202,233,221,256,179,214,9.80e+07,1.05e+08,9.07e+07,-5.241695,.5519123,-10.97339,,,,,,,40000,20:11:00 21 Jul 2022
2022,House,_deluxe,7/20/22,.134925,.865075,199.7865,235.2135,201,234,220,257,178,215,9.80e+07,1.05e+08,9.07e+07,-5.561588,.1799278,-11.30781,,,,,,,40000,20:50:08 20 Jul 2022
2022,House,_deluxe,7/19/22,.12685,.87315,198.9754,236.0246,200,235,220,258,177,215,9.80e+07,1.05e+08,9.06e+07,-5.6637,.0777531,-11.4711,,,,,,,40000,20:11:34 19 Jul 2022
2022,House,_deluxe,7/18/22,.126875,.873125,198.9322,236.0677,200,235,220,258,177,215,9.80e+07,1.05e+08,9.07e+07,-5.705269,.1004448,-11.50018,,,,,,,40000,20:11:35 18 Jul 2022
2022,House,_deluxe,7/17/22,.127075,.872925,198.7728,236.2272,200,235,220,258,177,215,9.80e+07,1.05e+08,9.07e+07,-5.829914,-.025938,-11.61709,,,,,,,40000,20:10:28 17 Jul 2022
2022,House,_deluxe,7/16/22,.12645,.87355,198.7857,236.2143,200,235,220,258,177,215,9.80e+07,1.05e+08,9.07e+07,-5.693985,.1119289,-11.50053,,,,,,,40000,20:10:31 16 Jul 2022
2022,House,_deluxe,7/15/22,.12785,.87215,199.0403,235.9597,200,235,220,258,177,215,9.80e+07,1.05e+08,9.06e+07,-5.702126,.1353912,-11.42582,,,,,,,40000,20:10:41 15 Jul 2022
2022,House,_deluxe,7/14/22,.12665,.87335,198.8253,236.1747,200,235,220,259,176,215,9.80e+07,1.05e+08,9.07e+07,-5.771553,.0724754,-11.66133,,,,,,,40000,20:29:51 14 Jul 2022
2022,House,_deluxe,7/13/22,.123775,.876225,198.5469,236.4531,200,235,219,258,177,216,9.89e+07,1.06e+08,9.16e+07,-5.909878,-.0585728,-11.77987,,,,,,,40000,22:14:55 13 Jul 2022
2022,House,_deluxe,7/12/22,.1163,.8837,197.7246,237.2754,199,236,219,260,175,216,9.94e+07,1.07e+08,9.20e+07,-6.193993,-.3245659,-12.09613,,,,,,,40000,20:10:30 12 Jul 2022
2022,House,_deluxe,7/11/22,.129275,.870725,198.5311,236.4689,200,235,220,259,176,215,9.94e+07,1.07e+08,9.20e+07,-6.140018,-.2332859,-12.01181,,,,,,,40000,20:11:01 11 Jul 2022
2022,House,_deluxe,7/10/22,.130675,.869325,198.8227,236.1773,200,235,220,259,176,215,9.94e+07,1.07e+08,9.20e+07,-5.992447,-.1915398,-11.89137,,,,,,,40000,20:10:27 10 Jul 2022
2022,House,_deluxe,7/9/22,.1323,.8677,198.9445,236.0555,200,235,220,258,177,215,9.94e+07,1.07e+08,9.19e+07,-6.000389,-.1700573,-11.85102,,,,,,,40000,20:10:36  9 Jul 2022
2022,House,_deluxe,7/8/22,.13295,.86705,198.8132,236.1868,200,235,220,259,176,215,9.94e+07,1.07e+08,9.21e+07,-6.009556,-.1371918,-11.89591,,,,,,,40000,20:10:33  8 Jul 2022
2022,House,_deluxe,7/7/22,.137325,.862675,199.1885,235.8115,200,235,220,258,177,215,9.94e+07,1.07e+08,9.21e+07,-5.925468,.0258179,-11.79361,,,,,,,40000,20:10:16  7 Jul 2022
2022,House,_deluxe,7/6/22,.13905,.86095,199.407,235.593,200,235,220,258,177,215,9.94e+07,1.07e+08,9.20e+07,-5.916969,.0037479,-11.75517,,,,,,,40000,20:10:27  6 Jul 2022
2022,House,_deluxe,7/5/22,.1347,.8653,198.9712,236.0287,200,235,220,259,176,215,9.88e+07,1.06e+08,9.15e+07,-5.968452,-.0862255,-11.91245,,,,,,,40000,20:32:45  5 Jul 2022
2022,House,_deluxe,7/4/22,.1268,.8732,198.7427,236.2572,200,235,220,259,176,215,9.88e+07,1.06e+08,9.16e+07,-6.151508,-.3112354,-11.96335,,,,,,,40000,20:44:02  4 Jul 2022
2022,House,_deluxe,7/3/22,.129275,.870725,198.6467,236.3533,200,235,220,259,176,215,9.88e+07,1.06e+08,9.14e+07,-6.063972,-.1621494,-11.97022,,,,,,,40000,20:13:30  3 Jul 2022
2022,House,_deluxe,7/2/22,.128675,.871325,198.6925,236.3075,200,235,220,259,176,215,9.88e+07,1.06e+08,9.15e+07,-6.070465,-.1799793,-11.93166,,,,,,,40000,20:13:08  2 Jul 2022
2022,House,_deluxe,7/1/22,.130775,.869225,198.6748,236.3252,200,235,220,259,176,215,9.88e+07,1.06e+08,9.15e+07,-6.076122,-.1257191,-11.97948,,,,,,,40000,20:13:01  1 Jul 2022
2022,House,_deluxe,6/30/22,.12595,.87405,198.4444,236.5556,200,235,220,259,176,215,9.88e+07,1.06e+08,9.17e+07,-6.160053,-.2398338,-12.02798,,,,,,,40000,20:51:20 30 Jun 2022
2022,House,_deluxe,6/29/22,.12225,.87775,197.1695,237.8305,198,237,220,261,174,215,9.88e+07,1.06e+08,9.15e+07,-5.992325,-.0492287,-11.90742,,,,,,,40000,22:11:20 29 Jun 2022
2022,House,_deluxe,6/26/22,.117075,.882925,196.9277,238.0723,198,237,219,261,174,216,9.83e+07,1.06e+08,9.10e+07,-6.256413,-.3182716,-12.20256,,,,,,,40000,11:19:59 29 Jun 2022
2022,House,_deluxe,6/25/22,.118125,.881875,196.7462,238.2538,198,237,219,261,174,216,9.83e+07,1.06e+08,9.10e+07,-6.342258,-.378149,-12.38557,,,,,,,40000,12:03:45 29 Jun 2022
2022,House,_deluxe,6/24/22,.12025,.87975,196.9326,238.0673,198,237,219,261,174,216,9.83e+07,1.06e+08,9.10e+07,-6.254322,-.2523251,-12.24719,,,,,,,40000,11:37:32 29 Jun 2022
2022,House,_deluxe,6/22/22,.1193,.8807,196.9193,238.0807,198,237,219,261,174,216,9.83e+07,1.06e+08,9.10e+07,-6.276016,-.2971992,-12.23765,,,,,,,40000,11:38:08 29 Jun 2022
2022,House,_deluxe,6/21/22,.12395,.87605,197.1718,237.8282,198,237,219,261,174,216,9.83e+07,1.06e+08,9.10e+07,-6.191177,-.2013054,-12.20067,,,,,,,40000,12:22:16 29 Jun 2022
2022,House,_deluxe,6/19/22,.1213,.8787,196.8163,238.1837,197.5,237.5,219,261,174,216,9.80e+07,1.05e+08,9.08e+07,-6.239262,-.1884079,-12.28902,,,,,,,40000,11:56:12 29 Jun 2022
2022,House,_deluxe,6/18/22,.1213,.8787,196.9838,238.0162,198,237,219,261,174,216,9.80e+07,1.05e+08,9.07e+07,-6.237995,-.1437931,-12.21554,,,,,,,40000,11:55:44 29 Jun 2022
2022,House,_deluxe,6/17/22,.121525,.878475,196.8621,238.1379,197,238,219,261,174,216,9.80e+07,1.05e+08,9.07e+07,-6.214149,-.1843681,-12.24431,,,,,,,40000,12:40:38 29 Jun 2022
2022,House,_deluxe,6/15/22,.122175,.877825,196.7336,238.2664,197,238,219,262,173,216,9.80e+07,1.05e+08,9.07e+07,-6.365837,-.2061348,-12.35874,,,,,,,40000,12:14:19 29 Jun 2022
2022,House,_deluxe,6/14/22,.125025,.874975,198.3217,236.6783,200,235,219,260,175,216,9.80e+07,1.05e+08,9.08e+07,-6.537514,-.4890671,-12.6635,,,,,,,40000,12:13:39 29 Jun 2022
2022,House,_deluxe,6/13/22,.130225,.869775,198.7455,236.2545,200,235,220,259,176,215,9.75e+07,1.05e+08,9.02e+07,-6.558113,-.4841499,-12.64469,,,,,,,40000,12:58:34 29 Jun 2022
2022,House,_deluxe,6/11/22,.129575,.870425,198.711,236.289,200,235,220,259,176,215,9.75e+07,1.05e+08,9.02e+07,-6.503925,-.4419823,-12.63447,,,,,,,40000,12:32:30 29 Jun 2022
2022,House,_deluxe,6/10/22,.1283,.8717,198.605,236.3949,200,235,220,259,176,215,9.75e+07,1.05e+08,9.02e+07,-6.500622,-.3988419,-12.62576,,,,,,,40000,12:31:52 29 Jun 2022
2022,House,_deluxe,6/9/22,.12845,.87155,198.7307,236.2692,200,235,220,259,176,215,9.75e+07,1.05e+08,9.02e+07,-6.444016,-.3652935,-12.51482,,,,,,,40000,13:16:38 29 Jun 2022
2022,House,_deluxe,6/7/22,.132575,.867425,198.5518,236.4482,200,235,220,260,175,215,9.75e+07,1.05e+08,9.03e+07,-6.472851,-.3016605,-12.61822,,,,,,,40000,12:50:50 29 Jun 2022
2022,House,_deluxe,6/6/22,.1331,.8669,198.7771,236.2229,200,235,220,259,176,215,9.76e+07,1.05e+08,9.04e+07,-6.444363,-.3194561,-12.50575,,,,,,,40000,12:49:58 29 Jun 2022
2022,House,_deluxe,6/5/22,.13925,.86075,199.3257,235.6743,201,234,220,258,177,215,9.76e+07,1.05e+08,9.03e+07,-6.338654,-.1630936,-12.37961,,,,,,,40000,13:34:55 29 Jun 2022
2022,House,_deluxe,6/3/22,.14115,.858825,199.1486,235.8513,200,235,221,259,176,214,9.76e+07,1.05e+08,9.04e+07,-6.251274,-.0222359,-12.36488,,,,,,,40000,13:08:55 29 Jun 2022
2022,House,_deluxe,6/2/22,.141925,.85805,200.4178,234.5822,202,233,220,257,178,215,9.76e+07,1.05e+08,9.04e+07,-6.403397,-.2235088,-12.59752,,,,,,,40000,13:07:40 29 Jun 2022
2022,House,_deluxe,6/1/22,.141975,.858025,200.548,234.4519,202,233,220,257,178,215,9.76e+07,1.05e+08,9.02e+07,-6.403297,-.262558,-12.5689,,,,,,,40000,13:53:05 29 Jun 2022
2022,House,_classic,11/8/22,.175125,.824875,203.3196,231.6804,204,231,222,251,184,213,1.03e+08,1.10e+08,9.52e+07,-3.774685,.2715721,-7.818369,,,,,,,40000,00:12:39  8 Nov 2022
2022,House,_classic,11/7/22,.176025,.823975,203.2884,231.7115,204,231,222,252,183,213,1.03e+08,1.10e+08,9.53e+07,-3.776276,.3035679,-7.912914,,,,,,,40000,23:04:54  7 Nov 2022
2022,House,_classic,11/6/22,.183475,.816525,203.4232,231.5768,204,231,223,252,183,212,1.02e+08,1.10e+08,9.48e+07,-3.809845,.3642426,-7.98106,,,,,,,40000,20:35:27  6 Nov 2022
2022,House,_classic,11/5/22,.165575,.834425,202.1275,232.8725,203,232,222,253,182,213,1.02e+08,1.09e+08,9.48e+07,-3.968311,.2467651,-8.200212,,,,,,,40000,20:36:24  5 Nov 2022
2022,House,_classic,11/4/22,.16355,.83645,202.0008,232.9992,202,233,222,253,182,213,1.02e+08,1.10e+08,9.48e+07,-4.010193,.2089787,-8.283602,,,,,,,40000,21:58:23  4 Nov 2022
2022,House,_classic,11/3/22,.157425,.842575,201.5317,233.4683,202,233,222,254,181,213,1.02e+08,1.09e+08,9.48e+07,-4.095322,.1544762,-8.394392,,,,,,,40000,20:34:15  3 Nov 2022
2022,House,_classic,11/2/22,.16215,.83785,201.6695,233.3305,202,233,222,254,181,213,1.02e+08,1.09e+08,9.47e+07,-4.025391,.2684231,-8.412952,,,,,,,40000,20:55:27  2 Nov 2022
2022,House,_classic,11/1/22,.17495,.82505,202.3694,232.6306,203,232,223,254,181,212,1.02e+08,1.09e+08,9.42e+07,-3.9174,.531004,-8.251066,,,,,,,40000,21:17:26  1 Nov 2022
2022,House,_classic,10/31/22,.18795,.81205,203.1056,231.8944,204,231,223,253,182,212,1.01e+08,1.09e+08,9.37e+07,-3.776844,.5937805,-8.207335,,,,,,,40000,22:22:24 31 Oct 2022
2022,House,_classic,10/30/22,.196975,.803025,203.5122,231.4877,204,231,224,253,182,211,1.01e+08,1.08e+08,9.38e+07,-3.733459,.6857166,-8.149282,,,,,,,40000,20:11:38 30 Oct 2022
2022,House,_classic,10/29/22,.2046,.7954,203.8348,231.1652,205,230,224,253,182,211,1.01e+08,1.08e+08,9.39e+07,-3.722965,.8064022,-8.200327,,,,,,,40000,20:35:44 29 Oct 2022
2022,House,_classic,10/28/22,.1988,.8012,203.5249,231.475,204,231,224,253,182,211,1.01e+08,1.08e+08,9.38e+07,-3.670849,.8551636,-8.153162,,,,,,,40000,21:04:47 28 Oct 2022
2022,House,_classic,10/27/22,.191875,.808125,203.0527,231.9473,204,231,224,254,181,211,1.01e+08,1.09e+08,9.38e+07,-3.80048,.6852875,-8.360233,,,,,,,40000,20:44:28 27 Oct 2022
2022,House,_classic,10/26/22,.2023,.797675,203.4672,231.5327,204,231,224,253,182,211,1.01e+08,1.09e+08,9.38e+07,-3.589916,.9521942,-8.158691,,,,,,,40000,20:33:17 26 Oct 2022
2022,House,_classic,10/25/22,.200025,.799975,203.2508,231.7491,204,231,224,254,181,211,1.04e+08,1.11e+08,9.67e+07,-3.745632,.8208561,-8.322655,,,,,,,40000,20:11:20 25 Oct 2022
2022,House,_classic,10/24/22,.201725,.798275,203.5984,231.4016,204,231,224,253,182,211,1.04e+08,1.12e+08,9.67e+07,-3.647411,.9419193,-8.238955,,,,,,,40000,21:34:23 24 Oct 2022
2022,House,_classic,10/23/22,.204525,.795475,203.8655,231.1345,204,231,224,253,182,211,1.04e+08,1.12e+08,9.67e+07,-3.571716,1.019083,-8.216211,,,,,,,40000,20:59:20 23 Oct 2022
2022,House,_classic,10/22/22,.20055,.79945,203.5786,231.4214,204,231,224,253,182,211,1.04e+08,1.12e+08,9.66e+07,-3.652611,.9721928,-8.312408,,,,,,,40000,20:43:30 22 Oct 2022
2022,House,_classic,10/21/22,.202075,.797925,203.695,231.305,204,231,224,253,182,211,1.04e+08,1.12e+08,9.67e+07,-3.643288,1.070454,-8.325056,,,,,,,40000,20:11:14 21 Oct 2022
2022,House,_classic,10/20/22,.2213,.7787,204.6559,230.3441,205,230,225,252,183,210,1.04e+08,1.12e+08,9.67e+07,-3.3377,1.372004,-8.015409,,,,,,,40000,18:39:19 20 Oct 2022
2022,House,_classic,10/19/22,.25565,.74435,206.4168,228.5832,207,228,227,250,185,208,1.04e+08,1.12e+08,9.67e+07,-3.009727,1.653622,-7.714111,,,,,,,40000,20:35:13 19 Oct 2022
2022,House,_classic,10/18/22,.272425,.727575,207.4606,227.5394,208,227,228,249,186,207,1.04e+08,1.12e+08,9.68e+07,-2.901726,1.77585,-7.585899,,,,,,,40000,20:30:55 18 Oct 2022
2022,House,_classic,10/17/22,.2859,.7141,208.2765,226.7235,209,226,228,248,187,207,1.04e+08,1.12e+08,9.69e+07,-2.480797,2.262897,-7.203119,,,,,,,40000,21:23:07 17 Oct 2022
2022,House,_classic,10/16/22,.294325,.70565,208.7097,226.2903,209,226,228,247,188,207,1.04e+08,1.12e+08,9.68e+07,-2.364285,2.368679,-7.147511,,,,,,,40000,20:11:18 16 Oct 2022
2022,House,_classic,10/15/22,.291425,.708575,208.7287,226.2712,209,226,228,247,188,207,1.04e+08,1.12e+08,9.70e+07,-2.384995,2.358358,-7.164679,,,,,,,40000,20:11:18 15 Oct 2022
2022,House,_classic,10/14/22,.295875,.704125,208.8746,226.1254,209,226,229,247,188,206,1.04e+08,1.12e+08,9.69e+07,-2.42627,2.359951,-7.273197,,,,,,,40000,20:11:32 14 Oct 2022
2022,House,_classic,10/13/22,.31155,.68845,209.4362,225.5638,210,225,229,246,189,206,1.04e+08,1.12e+08,9.68e+07,-2.261055,2.565763,-7.080923,,,,,,,40000,20:11:05 13 Oct 2022
2022,House,_classic,10/12/22,.292225,.707775,208.6232,226.3768,209,226,229,247,188,206,1.04e+08,1.12e+08,9.69e+07,-2.380581,2.379154,-7.237907,,,,,,,40000,20:11:05 12 Oct 2022
2022,House,_classic,10/11/22,.29615,.70385,208.7741,226.2259,209,226,229,247,188,206,1.03e+08,1.11e+08,9.61e+07,-2.418762,2.40436,-7.294918,,,,,,,40000,20:29:24 11 Oct 2022
2022,House,_classic,10/10/22,.300075,.699925,208.9843,226.0157,210,225,229,247,188,206,1.03e+08,1.11e+08,9.60e+07,-2.413994,2.414852,-7.235771,,,,,,,40000,20:58:09 10 Oct 2022
2022,House,_classic,10/9/22,.30385,.69615,209.103,225.897,210,225,229,247,188,206,1.03e+08,1.11e+08,9.60e+07,-2.416889,2.404675,-7.244032,,,,,,,40000,20:11:06  9 Oct 2022
2022,House,_classic,10/8/22,.30165,.69835,209.0067,225.9933,210,225,229,247,188,206,1.03e+08,1.11e+08,9.60e+07,-2.421211,2.51343,-7.299509,,,,,,,40000,20:28:34  8 Oct 2022
2022,House,_classic,10/7/22,.290025,.709975,208.48,226.52,209,226,229,248,187,206,1.03e+08,1.11e+08,9.60e+07,-2.471985,2.43541,-7.386768,,,,,,,40000,21:19:06  7 Oct 2022
2022,House,_classic,10/6/22,.3074,.6926,209.1956,225.8044,210,225,229,247,188,206,1.03e+08,1.11e+08,9.60e+07,-2.400169,2.542774,-7.245028,,,,,,,40000,20:11:29  6 Oct 2022
2022,House,_classic,10/5/22,.30675,.69325,209.1773,225.8226,210,225,229,247,188,206,1.03e+08,1.11e+08,9.61e+07,-2.367638,2.554426,-7.327196,,,,,,,40000,22:37:54  5 Oct 2022
2022,House,_classic,10/4/22,.3065,.6935,209.037,225.963,210,225,229,247,188,206,1.01e+08,1.08e+08,9.38e+07,-2.329971,2.602695,-7.305727,,,,,,,40000,20:44:12  4 Oct 2022
2022,House,_classic,10/3/22,.30695,.69305,209.1081,225.8919,210,225,229,247,188,206,1.01e+08,1.08e+08,9.37e+07,-2.392681,2.516975,-7.435163,,,,,,,40000,20:57:49  3 Oct 2022
2022,House,_classic,10/2/22,.317975,.682025,209.623,225.377,210,225,230,246,189,205,1.01e+08,1.08e+08,9.36e+07,-2.377384,2.558172,-7.324404,,,,,,,40000,20:11:21  2 Oct 2022
2022,House,_classic,10/1/22,.32005,.679925,209.6474,225.3526,210,225,230,247,188,205,1.01e+08,1.08e+08,9.36e+07,-2.34623,2.656517,-7.29039,,,,,,,40000,20:11:17  1 Oct 2022
2022,House,_classic,9/30/22,.31565,.68435,209.474,225.526,210,225,230,247,188,205,1.01e+08,1.08e+08,9.37e+07,-2.370823,2.610916,-7.340414,,,,,,,40000,20:31:09 30 Sep 2022
2022,House,_classic,9/29/22,.3092,.6908,209.259,225.741,210,225,230,247,188,205,1.01e+08,1.08e+08,9.38e+07,-2.424538,2.646032,-7.396128,,,,,,,40000,20:11:11 29 Sep 2022
2022,House,_classic,9/28/22,.305875,.694125,209.1188,225.8812,210,225,229,247,188,206,1.01e+08,1.08e+08,9.37e+07,-2.415321,2.539501,-7.472782,,,,,,,40000,20:52:34 28 Sep 2022
2022,House,_classic,9/27/22,.2918,.7082,208.4273,226.5727,209,226,229,248,187,206,9.87e+07,1.06e+08,9.11e+07,-2.596359,2.466942,-7.711237,,,,,,,40000,20:34:09 27 Sep 2022
2022,House,_classic,9/26/22,.294175,.705825,208.3293,226.6707,209,226,229,248,187,206,9.87e+07,1.06e+08,9.13e+07,-2.572151,2.501945,-7.666803,,,,,,,40000,20:56:59 26 Sep 2022
2022,House,_classic,9/25/22,.29405,.70595,208.3261,226.6739,209,226,229,248,187,206,9.87e+07,1.06e+08,9.13e+07,-2.548061,2.513186,-7.614218,,,,,,,40000,20:29:37 25 Sep 2022
2022,House,_classic,9/24/22,.3163,.6837,209.2613,225.7387,210,225,230,247,188,205,9.87e+07,1.06e+08,9.13e+07,-2.331764,2.742517,-7.393658,,,,,,,40000,20:11:09 24 Sep 2022
2022,House,_classic,9/23/22,.31235,.68765,209.254,225.746,210,225,230,247,188,205,9.87e+07,1.06e+08,9.14e+07,-2.292076,2.722075,-7.390293,,,,,,,40000,19:34:04 23 Sep 2022
2022,House,_classic,9/22/22,.3096,.6904,208.8958,226.1042,210,225,230,248,187,205,9.87e+07,1.06e+08,9.13e+07,-2.402248,2.724405,-7.534237,,,,,,,40000,21:10:49 22 Sep 2022
2022,House,_classic,9/21/22,.281325,.718675,207.7361,227.2639,208,227,229,249,186,206,9.87e+07,1.06e+08,9.14e+07,-2.725227,2.413691,-7.872139,,,,,,,40000,21:10:54 21 Sep 2022
2022,House,_classic,9/20/22,.295375,.704625,208.1494,226.8506,209,226,229,249,186,206,9.85e+07,1.06e+08,9.11e+07,-2.619019,2.569414,-7.70994,,,,,,,40000,20:13:53 20 Sep 2022
2022,House,_classic,9/19/22,.288825,.711175,207.8968,227.1032,208,227,229,249,186,206,9.85e+07,1.06e+08,9.11e+07,-2.605629,2.526777,-7.76918,,,,,,,40000,21:41:21 19 Sep 2022
2022,House,_classic,9/18/22,.285325,.714675,207.5922,227.4078,208,227,229,250,185,206,9.85e+07,1.06e+08,9.11e+07,-2.620827,2.511637,-7.821991,,,,,,,40000,20:13:36 18 Sep 2022
2022,House,_classic,9/17/22,.289125,.710875,207.804,227.196,208,227,229,250,185,206,9.85e+07,1.06e+08,9.11e+07,-2.638603,2.558146,-7.810602,,,,,,,40000,20:13:32 17 Sep 2022
2022,House,_classic,9/16/22,.288675,.711325,207.8112,227.1888,208,227,229,250,185,206,9.85e+07,1.06e+08,9.12e+07,-2.649643,2.591345,-7.847189,,,,,,,40000,20:46:39 16 Sep 2022
2022,House,_classic,9/15/22,.28435,.71565,207.5428,227.4572,208,227,229,250,185,206,9.85e+07,1.06e+08,9.12e+07,-2.6903,2.517048,-7.859219,,,,,,,40000,20:12:49 15 Sep 2022
2022,House,_classic,9/14/22,.2882,.7118,207.7387,227.2613,208,227,229,250,185,206,9.85e+07,1.06e+08,9.11e+07,-2.634277,2.662674,-7.822079,,,,,,,40000,20:50:01 14 Sep 2022
2022,House,_classic,9/13/22,.2753,.7247,206.8089,228.1911,207,228,229,251,184,206,9.85e+07,1.06e+08,9.11e+07,-2.870014,2.328346,-8.148371,,,,,,,40000,21:16:09 13 Sep 2022
2022,House,_classic,9/12/22,.26635,.73365,206.4814,228.5185,207,228,228,251,184,207,9.85e+07,1.06e+08,9.11e+07,-2.961746,2.283356,-8.258463,,,,,,,40000,21:19:39 12 Sep 2022
2022,House,_classic,9/11/22,.263275,.736725,206.4517,228.5483,207,228,228,251,184,207,9.85e+07,1.06e+08,9.12e+07,-2.899654,2.362675,-8.146029,,,,,,,40000,20:12:14 11 Sep 2022
2022,House,_classic,9/10/22,.263925,.736075,206.4778,228.5222,207,228,228,251,184,207,9.85e+07,1.06e+08,9.13e+07,-2.913177,2.357265,-8.18961,,,,,,,40000,20:11:55 10 Sep 2022
2022,House,_classic,9/9/22,.2625,.7375,206.3848,228.6152,207,228,228,251,184,207,9.85e+07,1.06e+08,9.12e+07,-2.927361,2.354786,-8.246885,,,,,,,40000,20:12:16  9 Sep 2022
2022,House,_classic,9/8/22,.2625,.7375,206.3349,228.6651,207,228,228,251,184,207,9.85e+07,1.06e+08,9.12e+07,-2.820911,2.489176,-8.128244,,,,,,,40000,20:11:52  8 Sep 2022
2022,House,_classic,9/7/22,.2612,.7388,206.2557,228.7443,207,228,228,251,184,207,9.85e+07,1.06e+08,9.11e+07,-2.922932,2.356146,-8.207422,,,,,,,40000,20:11:39  7 Sep 2022
2022,House,_classic,9/6/22,.257625,.742375,206.077,228.9229,207,228,228,252,183,207,9.84e+07,1.06e+08,9.11e+07,-3.013317,2.390684,-8.401651,,,,,,,40000,20:34:12  6 Sep 2022
2022,House,_classic,9/5/22,.249375,.750625,205.5946,229.4053,206,229,228,252,183,207,9.84e+07,1.06e+08,9.11e+07,-3.145016,2.213366,-8.422258,,,,,,,40000,20:12:34  5 Sep 2022
2022,House,_classic,9/4/22,.249275,.750725,205.4355,229.5645,206,229,228,253,182,207,9.84e+07,1.06e+08,9.10e+07,-3.164436,2.167505,-8.514889,,,,,,,40000,20:11:35  4 Sep 2022
2022,House,_classic,9/3/22,.25075,.74925,205.4387,229.5613,206,229,228,253,182,207,9.84e+07,1.06e+08,9.11e+07,-3.137932,2.217005,-8.463621,,,,,,,40000,20:12:01  3 Sep 2022
2022,House,_classic,9/2/22,.2494,.7506,205.3209,229.6791,206,229,228,253,182,207,9.84e+07,1.06e+08,9.10e+07,-3.150311,2.296524,-8.591125,,,,,,,40000,20:12:01  2 Sep 2022
2022,House,_classic,9/1/22,.25065,.74935,205.3492,229.6507,206,229,228,253,182,207,9.84e+07,1.06e+08,9.11e+07,-3.207687,2.267384,-8.579758,,,,,,,40000,21:03:10  1 Sep 2022
2022,House,_classic,8/31/22,.2425,.7575,205.0022,229.9978,206,229,227,253,182,208,9.84e+07,1.06e+08,9.09e+07,-3.272228,2.038221,-8.653173,,,,,,,40000,20:33:38 31 Aug 2022
2022,House,_classic,8/30/22,.223375,.776625,203.8893,231.1107,205,230,226,255,180,209,9.84e+07,1.06e+08,9.10e+07,-3.456596,1.890236,-8.872213,,,,,,,40000,21:45:07 30 Aug 2022
2022,House,_classic,8/29/22,.23045,.76955,204.0358,230.9641,205,230,227,255,180,208,9.84e+07,1.06e+08,9.10e+07,-3.489285,1.956923,-8.897646,,,,,,,40000,20:46:58 29 Aug 2022
2022,House,_classic,8/28/22,.225375,.774625,203.9314,231.0686,204,231,227,255,180,208,9.84e+07,1.06e+08,9.11e+07,-3.651546,1.776054,-9.08379,,,,,,,40000,20:13:50 28 Aug 2022
2022,House,_classic,8/27/22,.2288,.7712,204.0319,230.968,205,230,227,255,180,208,9.84e+07,1.06e+08,9.09e+07,-3.564556,1.87429,-9.083084,,,,,,,40000,20:43:49 27 Aug 2022
2022,House,_classic,8/26/22,.224675,.775325,203.7554,231.2446,204,231,227,255,180,208,9.84e+07,1.06e+08,9.10e+07,-3.588181,1.785587,-9.143213,,,,,,,40000,21:11:14 26 Aug 2022
2022,House,_classic,8/25/22,.2201,.7799,203.4743,231.5257,204,231,226,255,180,209,9.84e+07,1.06e+08,9.11e+07,-3.758759,1.606979,-9.273197,,,,,,,40000,20:16:57 25 Aug 2022
2022,House,_classic,8/24/22,.224275,.775725,203.3878,231.6121,204,231,226,256,179,209,9.84e+07,1.06e+08,9.10e+07,-3.789982,1.754557,-9.275665,,,,,,,40000,20:38:51 24 Aug 2022
2022,House,_classic,8/23/22,.214425,.785575,203.2586,231.7413,204,231,226,255,180,209,9.82e+07,1.06e+08,9.09e+07,-4.016842,1.523249,-9.412645,,,,,,,40000,21:24:37 23 Aug 2022
2022,House,_classic,8/22/22,.21625,.78375,203.0733,231.9267,204,231,226,256,179,209,9.82e+07,1.06e+08,9.09e+07,-3.959377,1.474371,-9.399406,,,,,,,40000,20:34:07 22 Aug 2022
2022,House,_classic,8/21/22,.2168,.7832,203.3121,231.6879,204,231,226,255,180,209,9.82e+07,1.06e+08,9.09e+07,-3.958847,1.545046,-9.43568,,,,,,,40000,20:11:32 21 Aug 2022
2022,House,_classic,8/20/22,.216775,.783225,203.4087,231.5913,204,231,226,255,180,209,9.82e+07,1.06e+08,9.08e+07,-3.930351,1.539442,-9.427301,,,,,,,40000,20:11:50 20 Aug 2022
2022,House,_classic,8/19/22,.2173,.7827,203.373,231.627,204,231,226,255,180,209,9.82e+07,1.06e+08,9.08e+07,-3.945972,1.555454,-9.45949,,,,,,,40000,21:33:49 19 Aug 2022
2022,House,_classic,8/18/22,.2178,.7822,203.3335,231.6664,204,231,226,255,180,209,9.82e+07,1.06e+08,9.08e+07,-3.965057,1.52566,-9.509455,,,,,,,40000,21:32:44 18 Aug 2022
2022,House,_classic,8/17/22,.22155,.77845,203.5581,231.4418,204,231,226,255,180,209,9.82e+07,1.06e+08,9.09e+07,-3.924622,1.578474,-9.418684,,,,,,,40000,20:11:49 17 Aug 2022
2022,House,_classic,8/16/22,.214025,.785975,203.0063,231.9936,204,231,226,256,179,209,9.76e+07,1.05e+08,9.02e+07,-4.040318,1.529249,-9.594219,,,,,,,40000,20:44:33 16 Aug 2022
2022,House,_classic,8/15/22,.2129,.7871,202.948,232.0519,204,231,226,256,179,209,9.76e+07,1.05e+08,9.02e+07,-4.032661,1.537243,-9.514143,,,,,,,40000,20:43:46 15 Aug 2022
2022,House,_classic,8/14/22,.208,.792,202.7307,232.2693,204,231,226,256,179,209,9.76e+07,1.05e+08,9.02e+07,-4.14901,1.465967,-9.725498,,,,,,,40000,20:11:55 14 Aug 2022
2022,House,_classic,8/13/22,.20695,.79305,202.5343,232.4657,203,232,225,256,179,210,9.76e+07,1.05e+08,9.02e+07,-4.034088,1.495209,-9.638771,,,,,,,40000,20:11:55 13 Aug 2022
2022,House,_classic,8/12/22,.207925,.79205,202.5055,232.4945,203,232,225,257,178,210,9.76e+07,1.05e+08,9.02e+07,-4.048962,1.543503,-9.641785,,,,,,,40000,20:11:42 12 Aug 2022
2022,House,_classic,8/11/22,.20075,.79925,202.1747,232.8253,203,232,225,257,178,210,9.76e+07,1.05e+08,9.02e+07,-4.127968,1.46859,-9.794392,,,,,,,40000,21:14:54 11 Aug 2022
2022,House,_classic,8/10/22,.20495,.79505,202.632,232.3679,203,232,225,256,179,210,9.76e+07,1.05e+08,9.03e+07,-4.128479,1.453901,-9.834614,,,,,,,40000,22:04:32 10 Aug 2022
2022,House,_classic,8/9/22,.20105,.79895,202.6714,232.3286,203,232,225,256,179,210,9.72e+07,1.05e+08,8.99e+07,-4.142132,1.421921,-9.740183,,,,,,,40000,20:11:26  9 Aug 2022
2022,House,_classic,8/8/22,.2001,.7999,202.5179,232.482,203,232,225,256,179,210,9.72e+07,1.05e+08,8.98e+07,-4.162025,1.433254,-9.79232,,,,,,,40000,20:53:53  8 Aug 2022
2022,House,_classic,8/7/22,.198025,.801975,202.3248,232.6751,203,232,225,256,179,210,9.72e+07,1.05e+08,8.97e+07,-4.10017,1.447819,-9.749292,,,,,,,40000,20:11:27  7 Aug 2022
2022,House,_classic,8/6/22,.200775,.799225,202.4178,232.5822,203,232,225,256,179,210,9.72e+07,1.05e+08,8.99e+07,-4.219772,1.400908,-9.827805,,,,,,,40000,20:11:29  6 Aug 2022
2022,House,_classic,8/5/22,.202,.798,202.4345,232.5654,203,232,225,256,179,210,9.72e+07,1.05e+08,8.98e+07,-4.235313,1.395966,-9.912483,,,,,,,40000,20:11:33  5 Aug 2022
2022,House,_classic,8/4/22,.1942,.8058,201.5437,233.4562,202,233,225,258,177,210,9.72e+07,1.05e+08,8.98e+07,-4.250813,1.39002,-9.880207,,,,,,,40000,20:53:28  4 Aug 2022
2022,House,_classic,8/3/22,.1939,.8061,201.5441,233.4559,202,233,225,258,177,210,9.72e+07,1.05e+08,8.98e+07,-4.305893,1.383696,-9.896479,,,,,,,40000,20:52:45  3 Aug 2022
2022,House,_classic,8/2/22,.172825,.827175,200.1059,234.8941,201,234,223,259,176,212,9.75e+07,1.05e+08,9.02e+07,-4.500729,1.14094,-10.18007,,,,,,,40000,20:53:27  2 Aug 2022
2022,House,_classic,8/1/22,.17065,.82935,199.8864,235.1136,200,235,224,260,175,211,9.75e+07,1.05e+08,9.01e+07,-4.502529,1.182783,-10.18111,,,,,,,40000,20:39:38  1 Aug 2022
2022,House,_classic,7/31/22,.170675,.829325,199.8475,235.1525,200,235,223,259,176,212,9.75e+07,1.05e+08,9.01e+07,-4.583462,1.127089,-10.20338,,,,,,,40000,20:11:29 31 Jul 2022
2022,House,_classic,7/30/22,.172,.828,199.7992,235.2008,200,235,223,260,175,212,9.75e+07,1.05e+08,9.02e+07,-4.442017,1.285179,-10.18258,,,,,,,40000,20:12:24 30 Jul 2022
2022,House,_classic,7/29/22,.1703,.8297,199.8158,235.1842,200,235,223,259,176,212,9.75e+07,1.05e+08,9.01e+07,-4.454132,1.229832,-10.10055,,,,,,,40000,21:01:25 29 Jul 2022
2022,House,_classic,7/28/22,.173125,.826875,199.9303,235.0696,201,234,223,260,175,212,9.75e+07,1.05e+08,9.02e+07,-4.571327,1.148401,-10.25691,,,,,,,40000,21:36:57 28 Jul 2022
2022,House,_classic,7/27/22,.168425,.831575,199.6856,235.3144,200,235,223,260,175,212,9.75e+07,1.05e+08,9.01e+07,-4.596062,1.105391,-10.32489,,,,,,,40000,20:31:21 27 Jul 2022
2022,House,_classic,7/26/22,.1642,.8358,199.1946,235.8054,200,235,223,261,174,212,9.85e+07,1.06e+08,9.12e+07,-4.733459,.9435177,-10.51973,,,,,,,40000,20:43:20 26 Jul 2022
2022,House,_classic,7/25/22,.150775,.849225,198.3077,236.6923,199,236,222,261,174,213,9.85e+07,1.06e+08,9.12e+07,-5.003632,.6644077,-10.70176,,,,,,,40000,21:00:44 25 Jul 2022
2022,House,_classic,7/24/22,.153825,.846175,198.5163,236.4837,199,236,222,261,174,213,9.80e+07,1.05e+08,9.06e+07,-5.023499,.7751446,-10.79094,,,,,,,40000,20:10:58 24 Jul 2022
2022,House,_classic,7/23/22,.152825,.847175,198.4474,236.5526,199,236,222,261,174,213,9.80e+07,1.05e+08,9.07e+07,-4.922329,.8334904,-10.61703,,,,,,,40000,20:10:44 23 Jul 2022
2022,House,_classic,7/22/22,.152375,.847625,198.4174,236.5826,199,236,222,261,174,213,9.80e+07,1.05e+08,9.06e+07,-4.93351,.7682304,-10.63692,,,,,,,40000,21:13:18 22 Jul 2022
2022,House,_classic,7/21/22,.151875,.848125,198.1851,236.8149,199,236,222,261,174,213,9.80e+07,1.05e+08,9.07e+07,-5.007458,.7945194,-10.73797,,,,,,,40000,20:11:00 21 Jul 2022
2022,House,_classic,7/20/22,.13605,.86395,197.0863,237.9136,198,237,221,263,172,214,9.80e+07,1.05e+08,9.07e+07,-5.285046,.4570942,-11.04495,,,,,,,40000,20:50:08 20 Jul 2022
2022,House,_classic,7/19/22,.12785,.87215,196.0967,238.9032,197,238,220,264,171,215,9.80e+07,1.05e+08,9.06e+07,-5.350948,.3957005,-11.16145,,,,,,,40000,20:11:34 19 Jul 2022
2022,House,_classic,7/18/22,.12675,.87325,196.0409,238.9591,197,238,220,264,171,215,9.80e+07,1.05e+08,9.07e+07,-5.386333,.4240608,-11.18669,,,,,,,40000,20:11:35 18 Jul 2022
2022,House,_classic,7/17/22,.1265,.8735,195.8615,239.1385,196,239,220,264,171,215,9.80e+07,1.05e+08,9.07e+07,-5.50951,.3051319,-11.29977,,,,,,,40000,20:10:28 17 Jul 2022
2022,House,_classic,7/16/22,.1253,.8747,195.8828,239.1172,196,239,220,264,171,215,9.80e+07,1.05e+08,9.07e+07,-5.371216,.4431438,-11.19163,,,,,,,40000,20:10:31 16 Jul 2022
2022,House,_classic,7/15/22,.128025,.871975,196.1815,238.8185,197,238,220,264,171,215,9.80e+07,1.05e+08,9.06e+07,-5.378967,.463892,-11.11324,,,,,,,40000,20:10:41 15 Jul 2022
2022,House,_classic,7/14/22,.125525,.874475,195.8388,239.1611,196,239,220,264,171,215,9.80e+07,1.05e+08,9.07e+07,-5.440426,.4155502,-11.33617,,,,,,,40000,20:29:51 14 Jul 2022
2022,House,_classic,7/13/22,.1222,.8778,195.5525,239.4474,196,239,220,265,170,215,9.89e+07,1.06e+08,9.16e+07,-5.562057,.2959061,-11.43088,,,,,,,40000,22:14:55 13 Jul 2022
2022,House,_classic,7/12/22,.1149,.8851,194.4765,240.5235,195,240,219,266,169,216,9.94e+07,1.07e+08,9.20e+07,-5.807068,.066864,-11.71163,,,,,,,40000,20:10:30 12 Jul 2022
2022,House,_classic,7/11/22,.1238,.8762,195.3224,239.6775,196,239,220,265,170,215,9.94e+07,1.07e+08,9.20e+07,-5.779743,.1378765,-11.65969,,,,,,,40000,20:11:01 11 Jul 2022
2022,House,_classic,7/10/22,.127075,.872925,195.6425,239.3574,196,239,220,265,170,215,9.94e+07,1.07e+08,9.20e+07,-5.655724,.1503544,-11.56701,,,,,,,40000,20:10:27 10 Jul 2022
2022,House,_classic,7/9/22,.129075,.870925,195.8186,239.1813,197,238,220,265,170,215,9.94e+07,1.07e+08,9.19e+07,-5.663296,.1704807,-11.52158,,,,,,,40000,20:10:36  9 Jul 2022
2022,House,_classic,7/8/22,.129825,.870175,195.6799,239.3201,196,239,220,265,170,215,9.94e+07,1.07e+08,9.21e+07,-5.671928,.2049408,-11.56331,,,,,,,40000,20:10:33  8 Jul 2022
2022,House,_classic,7/7/22,.135575,.864425,196.0961,238.9039,197,238,221,264,171,214,9.94e+07,1.07e+08,9.21e+07,-5.595001,.359499,-11.47488,,,,,,,40000,20:10:16  7 Jul 2022
2022,House,_classic,7/6/22,.136025,.863975,196.3889,238.6111,197,238,221,264,171,214,9.94e+07,1.07e+08,9.20e+07,-5.585487,.3384609,-11.43072,,,,,,,40000,20:10:27  6 Jul 2022
2022,House,_classic,7/5/22,.13085,.86915,195.8928,239.1072,196,239,220,265,170,215,9.88e+07,1.06e+08,9.15e+07,-5.627579,.2646828,-11.57313,,,,,,,40000,20:32:45  5 Jul 2022
2022,House,_classic,7/4/22,.123325,.876675,195.7666,239.2334,197,238,220,264,171,215,9.88e+07,1.06e+08,9.16e+07,-5.804413,.0499191,-11.62431,,,,,,,40000,20:44:02  4 Jul 2022
2022,House,_classic,7/3/22,.125525,.874475,195.6323,239.3677,196,239,220,265,170,215,9.88e+07,1.06e+08,9.14e+07,-5.717171,.1940899,-11.6327,,,,,,,40000,20:13:30  3 Jul 2022
2022,House,_classic,7/2/22,.1268,.8732,195.6934,239.3066,197,238,220,265,170,215,9.88e+07,1.06e+08,9.15e+07,-5.723434,.175106,-11.59142,,,,,,,40000,20:13:08  2 Jul 2022
2022,House,_classic,7/1/22,.128425,.871575,195.6877,239.3123,196,239,220,265,170,215,9.88e+07,1.06e+08,9.15e+07,-5.728966,.2329521,-11.64268,,,,,,,40000,20:13:01  1 Jul 2022
2022,House,_classic,6/30/22,.12345,.87655,195.4129,239.5871,196,239,220,265,170,215,9.88e+07,1.06e+08,9.17e+07,-5.804466,.1205254,-11.6775,,,,,,,40000,20:51:20 30 Jun 2022
2022,House,_classic,6/29/22,.1232,.8768,195.0412,239.9588,196,239,220,266,169,215,9.88e+07,1.06e+08,9.15e+07,-5.767479,.1807766,-11.69106,,,,,,,40000,22:11:20 29 Jun 2022
2022,House,_classic,6/26/22,.117525,.882475,194.7552,240.2448,195,240,219,265,170,216,9.83e+07,1.06e+08,9.10e+07,-6.007393,-.0613461,-11.961,,,,,,,40000,11:19:59 29 Jun 2022
2022,House,_classic,6/25/22,.11795,.88205,194.5455,240.4545,195,240,219,266,169,216,9.83e+07,1.06e+08,9.10e+07,-6.092873,-.1245384,-12.14098,,,,,,,40000,12:03:45 29 Jun 2022
2022,House,_classic,6/24/22,.120075,.879925,194.7589,240.2411,195,240,220,266,169,215,9.83e+07,1.06e+08,9.10e+07,-6.005772,.0026207,-11.99749,,,,,,,40000,11:37:32 29 Jun 2022
2022,House,_classic,6/22/22,.119675,.880325,194.7647,240.2352,195,240,219,265,170,216,9.83e+07,1.06e+08,9.10e+07,-6.020756,-.0359974,-11.98759,,,,,,,40000,11:38:08 29 Jun 2022
2022,House,_classic,6/21/22,.122725,.877275,195.0494,239.9506,196,239,220,266,169,215,9.83e+07,1.06e+08,9.10e+07,-5.93425,.0657558,-11.94924,,,,,,,40000,12:22:16 29 Jun 2022
2022,House,_classic,6/19/22,.12215,.87785,194.6622,240.3378,195,240,220,266,169,215,9.80e+07,1.05e+08,9.08e+07,-5.968716,.0906029,-12.02662,,,,,,,40000,11:56:12 29 Jun 2022
2022,House,_classic,6/18/22,.1216,.8784,194.7863,240.2137,195,240,220,266,169,215,9.80e+07,1.05e+08,9.07e+07,-5.968037,.1330376,-11.95498,,,,,,,40000,11:55:44 29 Jun 2022
2022,House,_classic,6/17/22,.12095,.87905,194.6971,240.3029,195,240,220,266,169,215,9.80e+07,1.05e+08,9.07e+07,-5.943272,.0962009,-11.9769,,,,,,,40000,12:40:38 29 Jun 2022
2022,House,_classic,6/15/22,.12205,.87795,194.5168,240.4832,195,240,220,267,168,215,9.80e+07,1.05e+08,9.07e+07,-6.085258,.0805817,-12.08604,,,,,,,40000,12:14:19 29 Jun 2022
2022,House,_classic,6/14/22,.118675,.881325,194.5536,240.4464,195,240,219,266,169,216,9.80e+07,1.05e+08,9.08e+07,-6.025288,.0313435,-12.15482,,,,,,,40000,12:13:39 29 Jun 2022
2022,House,_classic,6/13/22,.1229,.8771,195.0676,239.9324,196,239,220,266,169,215,9.75e+07,1.05e+08,9.02e+07,-6.051102,.026144,-12.14536,,,,,,,40000,12:58:34 29 Jun 2022
2022,House,_classic,6/11/22,.122625,.87735,195.054,239.946,196,239,220,266,169,215,9.75e+07,1.05e+08,9.02e+07,-5.995987,.0738049,-12.13494,,,,,,,40000,12:32:30 29 Jun 2022
2022,House,_classic,6/10/22,.123875,.876125,194.9599,240.04,195,240,220,266,169,215,9.75e+07,1.05e+08,9.02e+07,-5.993618,.12216,-12.12295,,,,,,,40000,12:31:52 29 Jun 2022
2022,House,_classic,6/9/22,.121425,.878575,195.0469,239.9531,196,239,220,265,170,215,9.75e+07,1.05e+08,9.02e+07,-5.934975,.1524868,-12.01903,,,,,,,40000,13:16:38 29 Jun 2022
2022,House,_classic,6/7/22,.125675,.874325,194.8592,240.1407,195,240,220,266,169,215,9.75e+07,1.05e+08,9.03e+07,-5.969868,.2039185,-12.12099,,,,,,,40000,12:50:50 29 Jun 2022
2022,House,_classic,6/6/22,.12575,.87425,195.0547,239.9453,196,239,220,265,170,215,9.76e+07,1.05e+08,9.04e+07,-5.936367,.1906281,-12.0026,,,,,,,40000,12:49:58 29 Jun 2022
2022,House,_classic,6/5/22,.1326,.8674,195.698,239.302,196,239,221,265,170,214,9.76e+07,1.05e+08,9.03e+07,-5.849171,.3306599,-11.89793,,,,,,,40000,13:34:55 29 Jun 2022
2022,House,_classic,6/3/22,.13555,.86445,195.5429,239.4571,196,239,221,266,169,214,9.76e+07,1.05e+08,9.04e+07,-5.764137,.4716091,-11.88925,,,,,,,40000,13:08:55 29 Jun 2022
2022,House,_classic,6/2/22,.1347,.8653,195.4529,239.5471,196,239,221,266,169,214,9.76e+07,1.05e+08,9.04e+07,-5.797626,.3859138,-11.99947,,,,,,,40000,13:07:40 29 Jun 2022
2022,House,_classic,6/1/22,.13545,.86455,195.6054,239.3946,196,239,221,266,169,214,9.76e+07,1.05e+08,9.02e+07,-5.800163,.3502693,-11.96933,,,,,,,40000,13:53:05 29 Jun 2022
